timestamp,price,market_cap,volume
2025-08-02 21:00:27.802,112549.7836644903,2238868114005.338,36514942772.79542
2025-08-02 22:08:59.370,112896.80480789201,2246512718781.1465,35974848096.31215
2025-08-02 23:08:37.823,112869.39781442507,2246448317605.4883,34000365679.56743
2025-08-03 00:08:57.851,112572.12800035469,2239559972395.89,33143815716.675278
2025-08-03 01:08:25.551,112894.69940674068,2246744247443.253,30286654485.53811
2025-08-03 02:02:59.530,113073.65766450418,2249116177252.8066,33414424563.909878
2025-08-03 03:07:29.073,113457.52182305185,2258055363757.409,34525154012.80951
2025-08-03 04:09:09.535,113649.54259870613,2262227331516.9956,34454753540.03358
2025-08-03 05:08:55.553,113435.8287957056,2257302788492.916,34433422744.87898
2025-08-03 06:03:47.034,113577.79165590803,2259839897285.5986,34021886680.098045
2025-08-03 07:04:49.851,113567.1687837777,2259238649927.5825,33041302980.24164
2025-08-03 08:04:02.958,113668.19927365525,2262056245634.735,30863093719.04274
2025-08-03 09:09:21.978,113670.86290393065,2262159184130.915,32435567315.039616
2025-08-03 10:08:33.902,113638.41308939453,2261583649393.6675,32025375027.431145
2025-08-03 11:08:01.163,113912.57363352538,2266054761311.3755,32231000415.209602
2025-08-03 12:09:40.577,113866.72156181918,2267298977070.8394,32718346271.943405
2025-08-03 13:07:31.323,114046.81376808541,2269728699848.4863,33040527792.496475
2025-08-03 14:04:22.100,113941.79108714974,2266859321287.5884,30910689656.959812
2025-08-03 15:06:40.898,113782.63800895533,2264242820109.3623,31937307997.974792
2025-08-03 16:07:24.553,113926.70193936558,2267190218712.9316,29769955278.10607
2025-08-03 17:05:59.083,113964.77471508921,2268405094532.1826,29012150353.30862
2025-08-03 18:00:44.887,114042.99560266416,2268934105656.6406,29680301737.494568
2025-08-03 19:00:42.360,114347.94859704362,2275981889564.961,28022432056.0287
2025-08-03 20:02:32.713,114310.96745014463,2275483676464.4146,26478263935.426167
2025-08-03 21:08:39.017,114396.6229461927,2276734103622.593,25444988574.92217
2025-08-03 22:09:37.790,114398.33529134598,2278132404187.0425,25472271268.854927
2025-08-03 23:04:37.826,114319.43799119137,2275267045734.997,25456905637.295254
2025-08-04 00:08:55.275,114235.10224673641,2273417527460.848,24605716910.8397
2025-08-04 01:03:20.370,114869.24802985099,2286060080501.6245,23678872767.45564
2025-08-04 02:09:08.515,114666.59932865792,2282606635154.2007,24003411774.495773
2025-08-04 03:04:08.255,114776.25672056428,2284232394481.0166,23906376550.631725
2025-08-04 04:00:34.795,114621.92322718422,2281558170576.3633,23528930316.654324
2025-08-04 05:07:27.743,114348.29134444591,2275802930859.493,23684014636.929466
2025-08-04 06:08:08.112,114382.08682050809,2275996528095.544,24065429420.997017
2025-08-04 07:08:42.586,114449.11746962153,2277608471000.1714,24300986304.032253
2025-08-04 08:09:22.037,114690.84568035815,2282284766471.9653,24806043072.808567
2025-08-04 09:04:17.549,114543.9602819495,2279036137708.4214,24943236036.43796
2025-08-04 10:00:20.331,114442.5495561121,2277621138268.128,25066738531.688545
2025-08-04 11:08:45.637,114292.1574135517,2274674692089.7188,25348751930.33819
2025-08-04 12:08:58.873,114454.11768115955,2277488958085.688,24649563463.52656
2025-08-04 13:09:38.523,114408.47384687644,2277003574514.333,24765633272.324284
2025-08-04 14:04:50.603,114795.98722874823,2282047983832.3584,26028220751.429314
2025-08-04 15:04:02.402,114761.91376541072,2285207095343.234,27314361680.898396
2025-08-04 16:04:56.245,114831.3138875657,2285470641645.5933,27621304168.0854
2025-08-04 17:09:51.977,115347.8424712757,2295057995176.202,30366084101.531265
2025-08-04 18:09:07.041,115196.62958608687,2292787322004.9116,29760097124.587093
2025-08-04 19:10:52.984,114928.07509102397,2287350879380.0977,31534990679.884663
2025-08-04 20:01:30.094,114765.84230086353,2284040138118.122,31478669529.99551
2025-08-04 21:03:50.848,114874.11843126298,2287010174819.0127,32251480691.06286
2025-08-04 22:09:42.915,115143.71446121797,2291908030281.6577,32385670692.85
2025-08-04 23:04:07.176,115291.2159130596,2293172352896.302,32489068462.481743
2025-08-05 00:09:49.767,115030.80970246221,2290401644768.1416,32461138364.310043
2025-08-05 01:03:59.316,114871.18441096565,2286683249345.5474,32046911744.649227
2025-08-05 02:04:25.177,114735.39958884488,2283376319767.3467,31624471585.25306
2025-08-05 03:08:40.443,114717.48219813268,2282303773902.787,31589226004.92542
2025-08-05 04:04:45.458,114256.2580651086,2274661632434.908,31974819857.02366
2025-08-05 05:08:40.503,114366.72954286869,2275429960398.8027,32535805600.18447
2025-08-05 06:05:34.472,114372.09522795725,2276244757863.5366,32613548944.048088
2025-08-05 07:04:04.288,114149.63967648697,2271807817883.2314,32779549480.226204
2025-08-05 08:04:55.477,113952.07502334587,2268197614958.0557,31655081770.9471
2025-08-05 09:09:12.421,114292.62186099906,2274223331328.1733,33829945435.77715
2025-08-05 10:03:54.631,114683.08059246908,2282361819667.7944,34118627817.990673
2025-08-05 11:09:42.795,114783.83093722479,2284408221291.4365,32732825043.233364
2025-08-05 12:09:03.421,114789.31794637284,2284927628748.5903,34668815564.901306
2025-08-05 13:00:44.846,113993.9514593911,2268893374099.977,33136816314.213512
2025-08-05 14:03:45.597,114353.4824076822,2276792723644.858,35971427342.73284
2025-08-05 15:04:11.352,112866.55339857315,2246287219762.821,37029784200.22212
2025-08-05 16:09:31.009,112919.76283271505,2245739633977.4077,38192646088.091354
2025-08-05 17:09:33.434,113148.65617313617,2252152802934.6353,38194780141.33455
2025-08-05 18:09:34.825,113553.50959410446,2259921967917.262,37748430535.65775
2025-08-05 19:00:48.582,113385.7991953131,2256111833536.3975,37990076632.380356
2025-08-05 20:01:07.234,113543.52819267473,2257854331034.0806,37877445915.062355
2025-08-05 21:09:02.826,113596.53931952552,2260106846844.265,37591964369.85331
2025-08-05 22:09:57.406,113436.08169528015,2258130015380.5522,37325854084.92152
2025-08-05 23:08:25.410,113954.92219768552,2267468114990.2134,37313253180.34051
2025-08-06 00:09:10.462,114097.76452778364,2271420292241.769,37317944508.55347
2025-08-06 01:09:11.952,113820.09656730953,2265239507167.899,37183570800.635704
2025-08-06 02:08:08.279,113813.9280338145,2265178077199.9526,37124860523.15456
2025-08-06 03:08:46.560,113604.50176946135,2261786636306.105,37044372557.079926
2025-08-06 04:09:30.005,113515.52646149156,2259544729828.807,36394271231.63658
2025-08-06 05:09:38.950,113469.76685342751,2257922346919.7344,35917003845.74026
2025-08-06 06:00:36.630,114133.76134354107,2271732279797.013,36556974264.32639
2025-08-06 07:09:29.188,114083.75359698298,2270859823903.6978,36625119705.601395
2025-08-06 08:09:16.491,114200.39206687103,2272999952110.6978,35424631352.09035
2025-08-06 09:00:40.826,113881.6747222235,2265816968974.611,35372752096.535446
2025-08-06 10:04:52.825,114123.58751131837,2271335267285.2217,35317239152.78443
2025-08-06 11:02:39.346,114036.83776300622,2269592439540.9277,34887181159.87268
2025-08-06 12:09:10.543,114197.2019483257,2272839482185.6855,34949741811.57334
2025-08-06 13:04:11.396,113924.32949619247,2267683328276.905,33833548814.934418
2025-08-06 14:08:06.527,114359.67744797317,2274512903494.943,34095683626.3752
2025-08-06 15:10:21.778,114949.5358265943,2288278317469.6333,32360380025.834854
2025-08-06 16:09:34.077,115436.22087606041,2297090395022.506,32341917589.846664
2025-08-06 17:09:07.068,115134.51955320737,2291540196151.8164,32869932251.234215
2025-08-06 18:05:36.003,115562.50422275848,2299935749118.785,32860754764.29253
2025-08-06 19:10:54.865,115487.57188752058,2298476405079.5996,32726059647.243435
2025-08-06 20:09:19.678,115210.4082635344,2292641009213.727,32670773396.200428
2025-08-06 21:09:46.663,115110.79069298925,2290868996982.907,32206309914.20193
2025-08-06 22:09:44.856,115114.78249583267,2290503161261.306,32732574398.543716
2025-08-06 23:08:08.324,115132.54695069448,2291567121158.414,32278913052.277527
2025-08-07 00:09:21.420,115013.39140866173,2289094080155.993,32048119066.60145
2025-08-07 01:09:16.956,114913.5081296208,2287157045757.1606,31290344185.921337
2025-08-07 02:09:47.749,114721.05007059002,2284485764739.63,31538860014.69982
2025-08-07 03:03:39.154,114559.34856443222,2280097652191.7354,31906331496.93629
2025-08-07 04:08:58.186,114594.58421534985,2280520208334.991,31655259722.754047
2025-08-07 05:04:20.547,114334.98210264335,2275704131157.251,30962252295.258038
2025-08-07 06:01:41.957,114556.38274863134,2279956514307.459,31084053715.68414
2025-08-07 07:06:07.027,114733.2566992642,2282978456297.315,31302305029.60208
2025-08-07 08:08:46.545,114905.20821081402,2286603511219.4487,31414958578.640194
2025-08-07 09:04:17.257,114988.66977802393,2289235102607.772,30997975767.72014
2025-08-07 10:09:17.525,115244.20361026183,2289533311350.9565,31158661804.364452
2025-08-07 11:04:34.700,116385.93840713195,2316023872065.7744,33345296795.755867
2025-08-07 12:04:32.635,116594.2851435067,2322136880935.42,35332972030.90617
2025-08-07 13:04:24.207,116274.73753690078,2313077262802.8403,36376521603.048965
2025-08-07 14:09:21.467,116539.36847358629,2320085003477.9175,36261373991.022964
2025-08-07 15:01:37.052,116351.84111129945,2315982715241.5205,36152820566.95471
2025-08-07 16:09:28.622,116725.63224298047,2323613485963.9917,34338347370.13309
2025-08-07 17:09:17.514,116273.87314715952,2314200522987.7056,33971515357.611668
2025-08-07 18:04:16.216,116486.99012273956,2318483848242.8813,34992214581.5381
2025-08-07 19:09:41.453,116575.81258319659,2320013824141.3413,34119035009.06495
2025-08-07 20:09:32.315,117425.45135500061,2336973195199.7266,36527097508.27452
2025-08-07 21:06:25.613,117239.23556781831,2333088963004.527,37104878504.69259
2025-08-07 22:09:00.095,117166.47996245255,2332079632975.358,37140631118.51839
2025-08-07 23:03:31.455,117596.49139855335,2340448718342.4927,38077479262.45592
2025-08-08 00:04:50.877,117466.18082017908,2337946476102.219,38381202499.50631
2025-08-08 01:04:19.212,117310.75213931722,2336662071200.013,40974002105.705284
2025-08-08 02:00:28.371,116881.55866056273,2326345551806.0166,36271288554.95881
2025-08-08 03:09:10.600,116755.37105082296,2323922951400.081,38856964025.56005
2025-08-08 04:00:23.065,116742.99045895677,2323523081995.3364,39461498546.46167
2025-08-08 05:04:15.771,116766.05584500499,2324267245958.4365,37063206241.856186
2025-08-08 06:04:35.218,116572.41432240925,2320269518378.765,39381273182.99897
2025-08-08 07:08:51.305,116691.75695923333,2322829766915.3994,39781272349.03035
2025-08-08 08:09:11.085,116800.73729288855,2324953047836.2056,42936726063.014946
2025-08-08 09:09:11.866,116587.1807109026,2320599372919.6353,43034375048.059746
2025-08-08 10:04:16.081,116719.3073902658,2323091044168.8936,43074244311.090355
2025-08-08 11:09:46.830,116600.51291308948,2320302479090.551,39595985818.090256
2025-08-08 12:09:51.700,116872.29845057597,2326337780838.4053,37731748285.74796
2025-08-08 13:09:26.051,116542.53255293934,2319730632164.059,36465388547.60284
2025-08-08 14:09:29.170,117038.26682924244,2325828790024.8833,36392154901.87994
2025-08-08 15:09:34.174,116473.45860121376,2318361693478.532,36795417720.13156
2025-08-08 16:04:07.534,116170.27552758016,2311489166930.25,37285113623.31424
2025-08-08 17:04:52.558,116220.37014094324,2312906035060.7695,36558215357.25682
2025-08-08 18:04:29.600,116666.67964128975,2319816864798.8687,34175055272.480247
2025-08-08 19:04:14.221,116506.94482165811,2317714514653.5635,36897326252.53285
2025-08-08 20:04:00.556,116449.75033943536,2317804302909.4253,35420921029.85885
2025-08-08 21:09:38.840,116834.12792892547,2325717206275.3438,34935302303.970856
2025-08-08 22:02:52.050,116951.43064524583,2327689753278.2847,34791774607.17924
2025-08-08 23:05:57.409,116895.02084894278,2326637779600.773,31459206566.209084
2025-08-09 00:06:47.589,116686.72473635004,2322432134103.607,33091407472.31744
2025-08-09 01:09:28.000,116611.67486663083,2321613610860.817,31253756117.870483
2025-08-09 02:09:05.258,116566.64327820552,2320727608270.0894,29453184972.402847
2025-08-09 03:04:22.156,116441.19539824275,2317905338406.555,29001734108.12723
2025-08-09 04:03:56.094,116397.67926922366,2316811522650.564,28333295817.20548
2025-08-09 05:09:05.226,116423.53362042307,2316996913140.6045,28626940322.38916
2025-08-09 06:09:43.458,116708.22561872333,2324267243418.9688,30234437030.652073
2025-08-09 07:04:46.588,116653.89502137293,2321224077334.473,30291196923.829845
2025-08-09 08:09:55.122,116768.27206611432,2324123945155.3726,28887782823.495247
2025-08-09 09:09:39.954,117077.76520803696,2330101551663.1943,29315368263.87168
2025-08-09 10:11:12.754,117533.0938367717,2337727934863.4,30030694434.40964
2025-08-09 11:04:23.919,117441.67571151303,2337722556485.9023,31320813153.436443
2025-08-09 12:09:31.285,117108.46189936704,2331762025836.7305,31656688211.514797
2025-08-09 13:01:35.758,117097.50306534256,2330186502334.6265,31654744614.885586
2025-08-09 14:00:57.348,116996.92141091316,2328842924586.544,31368376902.0022
2025-08-09 15:04:23.441,116965.931269068,2327719379672.995,29731338163.6267
2025-08-09 16:04:30.776,116845.40417692252,2325717205241.5146,29069262994.944294
2025-08-09 17:03:27.918,116667.73371007525,2322240215936.3853,28716655838.949287
2025-08-09 18:09:00.518,116660.84198406573,2322051659466.882,28214440360.349937
2025-08-09 19:08:36.104,116647.05734217919,2321676681637.9536,26951577324.78275
2025-08-09 20:09:30.112,116541.07584253287,2319661958280.0327,26412845933.74825
2025-08-09 21:09:42.014,116772.10508620345,2324267653250.7114,27357651827.322956
2025-08-09 22:00:52.671,116558.88597472935,2319254266551.071,27655330525.38579
2025-08-09 23:03:31.847,116566.51461542826,2320156226217.5293,27408872586.289906
2025-08-10 00:04:22.718,116500.75461167548,2318845598641.438,26325306630.626644
2025-08-10 01:04:44.413,116751.1710115442,2323288480051.8403,28103053274.2696
2025-08-10 02:09:51.382,116590.00131863818,2320555433516.1626,27981901269.512142
2025-08-10 03:09:40.062,117185.6437180893,2330897054677.1323,28059291532.336197
2025-08-10 04:09:40.094,118538.65921139685,2357409806386.76,33334835740.804104
2025-08-10 05:05:34.524,118475.54198995137,2358299755384.559,33886596916.38947
2025-08-10 06:08:46.539,118131.42066249595,2349647820806.0806,32782677314.742798
2025-08-10 07:02:32.178,118090.62338617022,2349400356764.8784,33408549470.167046
2025-08-10 08:09:49.498,117703.56878418477,2344067877903.449,34405078038.78227
2025-08-10 09:04:25.722,118334.58450952364,2355103499791.427,33944618646.15598
2025-08-10 10:03:31.843,118274.41454652132,2354702256390.9634,34012968955.55724
2025-08-10 11:06:37.087,118029.60218713529,2350145807182.598,30291818105.35538
2025-08-10 12:09:20.429,118379.76563177402,2355170400459.3755,30875942430.69914
2025-08-10 13:08:50.283,118555.1485677981,2358987430889.273,33526669470.4102
2025-08-10 14:08:45.387,118525.12058429095,2360688296999.047,33631290337.83739
2025-08-10 15:04:12.516,118769.18117027791,2363422930356.046,34206992171.353424
2025-08-10 16:08:52.375,118850.97436498552,2365446749129.567,35186670739.71053
2025-08-10 17:04:57.659,118651.23706385492,2361821233092.5254,35094859360.89574
2025-08-10 18:03:00.796,118529.32474061087,2359520781903.474,35315212010.15249
2025-08-10 19:08:53.556,118544.25854208015,2359958876410.8447,35128746036.13187
2025-08-10 20:08:34.773,118667.49106893358,2362585105822.2095,34708768788.24758
2025-08-10 21:09:58.195,118199.18286311012,2358083274342.779,35700655779.13049
2025-08-10 22:09:35.415,118706.00947854224,2362142431949.7935,31814759558.017567
2025-08-10 23:03:50.568,119034.73953042638,2369334710241.44,35754521257.98267
2025-08-11 00:06:07.824,119248.44827754395,2374078482926.707,37327174129.9249
2025-08-11 01:08:22.244,119164.91952585697,2373525217428.8296,38417851063.024
2025-08-11 02:03:48.310,119884.43571196456,2383396386530.7354,36930529528.25504
2025-08-11 03:09:41.482,121778.22038654986,2425445901048.2114,45474630487.536095
2025-08-11 04:08:59.973,121768.13958561119,2424845530852.2515,44418550038.47063
2025-08-11 05:04:53.796,122019.47351481064,2425091738248.783,45340440206.12131
2025-08-11 06:02:18.822,122002.44532495784,2427352213489.4434,46052489012.97002
2025-08-11 07:04:47.460,122227.46933490643,2432123381027.335,46814026887.577896
2025-08-11 08:09:11.260,121429.25321241302,2419393929391.8213,47417350525.94148
2025-08-11 09:13:59.934,121631.06594087846,2421393952900.6777,48862419722.96345
2025-08-11 10:04:11.872,121335.5774995321,2415479796931.533,49617085615.82952
2025-08-11 11:05:00.657,121120.14375587818,2409771535004.271,50504578101.41549
2025-08-11 12:04:23.615,120483.17470655062,2396987906378.761,52570295714.911766
2025-08-11 13:08:17.602,119580.94978885303,2380252332524.7935,51521792793.06391
2025-08-11 14:04:08.584,119923.9513771743,2388372675524.581,53566800134.68958
2025-08-11 15:09:39.853,120124.3733013551,2391448468585.7876,57841855387.36973
2025-08-11 16:09:27.208,120305.33180520462,2393575269550.4795,58087075902.68849
2025-08-11 17:04:30.933,120014.11846292738,2389903063720.8643,55700956891.074394
2025-08-11 18:08:12.745,119380.19328770376,2378441005873.3066,56772104115.92019
2025-08-11 19:04:24.100,119751.57500679207,2383548828706.2773,56181443664.69194
2025-08-11 20:04:33.741,118883.52381840459,2365074348555.2764,62685400734.06368
2025-08-11 21:03:01.862,118962.10530010339,2368375670847.4253,62011066380.74919
2025-08-11 22:09:18.187,118589.49279908501,2358142927930.4937,63619200911.29314
2025-08-11 23:08:06.940,118817.45636188111,2365142520501.453,62893664619.09909
2025-08-12 00:02:30.989,118726.76097608739,2363543429022.0864,62158120175.53192
2025-08-12 01:09:46.825,118904.68279550895,2366707358736.79,57441150613.10207
2025-08-12 02:14:30.494,118967.3797304084,2368213175146.648,58447573512.6595
2025-08-12 03:08:49.156,119064.83105236376,2370163979632.8203,54032969124.470024
2025-08-12 04:02:18.283,118826.43996825363,2365401536772.0815,52160368792.156334
2025-08-12 05:08:46.992,118875.11404789456,2367776282145.0273,51108285007.63025
2025-08-12 06:08:59.637,118818.97863462681,2364966322961.9497,50074257066.67925
2025-08-12 07:08:53.374,118904.74241103428,2366576875812.1196,50308452646.17006
2025-08-12 08:09:12.109,118924.78864370867,2367943489209.7075,49363287462.374985
2025-08-12 09:09:39.472,118838.07911439084,2365305658933.416,49738262341.54896
2025-08-12 10:10:38.222,118378.15935892852,2357430524662.4414,49427094781.510895
2025-08-12 11:01:38.822,118478.058371425,2358222318268.742,49292650064.772064
2025-08-12 12:02:37.488,118506.5836448425,2358940396647.263,47055615314.977295
2025-08-12 13:03:23.555,119166.56754782685,2370357277800.349,42508684034.57971
2025-08-12 14:10:17.546,118903.58407259917,2366809252872.2095,45072263216.69543
2025-08-12 15:05:46.212,119433.34179634372,2377140888154.7393,47301346319.96885
2025-08-12 16:07:17.754,119934.61846238268,2386312067020.169,44650178233.996956
2025-08-12 17:04:22.749,119630.36049684513,2380444250160.9536,44518440476.83984
2025-08-12 18:04:40.662,119308.49414708451,2375790056510.8257,47568847387.00169
2025-08-12 19:09:39.745,119411.01075640788,2376712671592.1504,47557399592.670845
2025-08-12 20:11:50.274,119625.03938550693,2381866097085.066,46737216570.08374
2025-08-12 21:09:59.728,120016.48317663175,2391123533237.2505,47505901365.54906
2025-08-12 22:09:30.769,119804.27106209096,2384698771291.3623,46908438206.45949
2025-08-12 23:09:30.601,119999.15738034059,2388972488961.321,46423403789.595924
2025-08-13 00:10:07.169,120106.09706605313,2390205876173.4233,47100957328.9395
2025-08-13 01:00:50.255,119719.17942452389,2383667086040.302,46836028818.95294
2025-08-13 02:08:16.676,119344.75267924949,2375686388507.718,47137781376.233376
2025-08-13 03:04:46.984,119565.54674419579,2379845235874.875,47590946984.34503
2025-08-13 04:04:03.443,119476.81028440251,2378220281333.854,45006892079.01804
2025-08-13 05:09:51.497,119329.2207541788,2375739247011.614,47495957163.16848
2025-08-13 06:04:17.220,119019.98754398024,2370077234691.7793,47963476051.639854
2025-08-13 07:04:22.376,119400.0823890513,2376323250637.8584,47616830208.55492
2025-08-13 08:05:45.810,119447.29320742634,2375461563988.8584,47873279638.83304
2025-08-13 09:04:22.290,119961.31743970366,2387627291380.242,47902101212.73735
2025-08-13 10:06:18.661,120088.70517219532,2389674437300.946,44560422983.60578
2025-08-13 11:05:44.447,120489.21646853567,2397917254726.105,48919405400.73159
2025-08-13 12:04:54.741,120659.93968255015,2401903595543.9175,45575802177.45867
2025-08-13 13:08:36.285,120334.65795575143,2394097833834.2363,44460089763.51556
2025-08-13 14:00:42.736,121481.77364916756,2418166214393.5674,49198470920.52877
2025-08-13 15:09:07.277,121125.28687546166,2410275107250.63,52797025874.58673
2025-08-13 16:08:48.880,121171.2743899936,2410636517052.305,54785163763.27598
2025-08-13 17:01:02.871,121432.344266374,2417122952366.9946,55081093867.32132
2025-08-13 18:02:07.157,121796.38787126781,2421614299123.373,55572259503.812584
2025-08-13 19:02:34.493,121573.55140785241,2420037657423.769,55994600657.16704
2025-08-13 20:09:01.226,122736.16844950369,2443219056942.9688,58834758975.89083
2025-08-13 21:09:23.117,122850.47480835272,2446143023002.6777,59005514379.85975
2025-08-13 22:04:11.504,122655.92371568155,2439098683530.0845,60055384852.287445
2025-08-13 23:05:46.087,123066.19096595528,2455023933292.1597,59079865833.72369
2025-08-14 00:04:14.138,123419.33444694606,2456741384606.632,63017574223.32698
2025-08-14 01:04:45.718,123770.05025514928,2462202738153.613,62197493323.06199
2025-08-14 02:22:42.015,123566.4525746493,2461206918959.2495,66251491232.82634
2025-08-14 03:14:19.483,123782.08008719778,2462279018892.9453,65672666662.090515
2025-08-14 03:21:25.544,123732.10955513605,2463194528753.7964,66302793784.564285
2025-08-14 04:09:46.133,123429.5512477068,2457005698045.854,65876526788.19487
2025-08-14 05:09:12.479,123133.50376717577,2449377894003.729,66278340655.977196
2025-08-14 06:04:49.799,122081.40740761199,2430466229155.2935,67592788725.87987
2025-08-14 07:02:44.678,121814.87572168793,2425699271622.7656,64984516420.743095
2025-08-14 08:10:29.582,121835.4214245897,2424805429878.9126,70223292909.02171
2025-08-14 09:08:46.367,121704.7226137641,2420978745742.1665,69941853860.20503
2025-08-14 10:09:11.689,121611.5814603175,2421866111245.6655,68204136991.84496
2025-08-14 11:09:30.613,120911.85757179689,2409162968721.4067,67229675879.84524
2025-08-14 12:05:50.438,120915.1358091418,2407059882669.4395,67920497000.50527
2025-08-14 13:09:23.675,119324.09392463375,2378511560135.5464,69537594617.84932
2025-08-14 14:06:57.496,118348.9031066928,2358062731049.391,77260745766.38547
2025-08-14 15:09:08.431,118766.88768939592,2367260063563.136,77067729231.81519
2025-08-14 16:02:16.728,118220.42386146332,2352145123832.1313,76177529073.28523
2025-08-14 17:02:53.512,117846.8293927414,2347047075423.965,78260521873.39708
2025-08-14 18:03:28.287,117907.69961243957,2345928201403.3716,73989576616.43369
2025-08-14 19:02:08.088,118140.15175629064,2351987645014.6626,77386193412.41045
2025-08-14 20:03:14.751,117999.92193421233,2352458136160.3945,76945613963.45161
2025-08-14 21:01:49.666,117972.50058212507,2349133552427.1196,71516429119.22899
2025-08-14 22:02:56.603,117848.00060956631,2345814630996.173,76608552943.05684
2025-08-14 23:03:09.940,118327.47253939268,2355846719805.7573,73193091785.09883
2025-08-15 00:03:27.613,118387.76940297017,2356901744933.2793,68707152125.851295
2025-08-15 01:00:38.512,118319.47330275648,2355664274543.562,66097785012.41584
2025-08-15 02:01:36.429,118766.71007333513,2364743179231.719,68714119802.955894
2025-08-15 03:00:36.953,118785.93318559029,2365009614997.8105,69280177536.6125
2025-08-15 04:01:48.855,119049.72027859472,2369250519659.269,68560101766.383354
2025-08-15 05:03:19.015,118938.14472096805,2367943703496.4624,64049610802.277466
2025-08-15 06:01:35.001,119044.65802389507,2365220673258.208,67821446013.349915
2025-08-15 07:02:27.043,119160.51538435975,2372351353481.2773,65356839921.8251
2025-08-15 08:03:03.800,119084.85197497487,2368273951418.174,69275101347.75339
2025-08-15 09:03:08.736,118970.54631253434,2368372225188.5093,67874122918.03191
2025-08-15 10:02:57.439,118856.5972093437,2363587763661.8975,66978135231.00775
2025-08-15 11:00:30.668,118971.70611595799,2368943305518.524,65031168268.30993
2025-08-15 12:03:30.173,119094.80293447574,2370777684348.175,63725302452.57892
2025-08-15 13:00:48.512,118775.09135434593,2364396614946.977,56971967557.917946
2025-08-15 14:03:32.043,117912.93866816521,2351114751279.778,50060115904.47089
2025-08-15 15:02:41.037,117387.54999240847,2336574161911.727,49411110804.28237
2025-08-15 16:00:23.626,117367.4347951849,2331346557877.1323,50339895824.663864
2025-08-15 17:01:08.736,117407.49931529992,2335801338927.9927,47847219866.87938
2025-08-15 18:01:04.967,117670.62799352725,2341953180310.6006,48546015815.000656
2025-08-15 19:02:05.799,117219.33341108754,2333588402315.061,47645326089.25991
2025-08-15 20:02:43.522,117000.41118669232,2329106710421.526,47063147150.000656
2025-08-15 21:02:56.579,117371.50148995162,2336433430863.932,46168343632.34182
2025-08-15 22:03:06.651,117372.65388438936,2336752569243.1514,44695237741.9624
2025-08-15 23:06:02.115,117805.21195916239,2344344633464.305,41269028577.39868
2025-08-16 00:00:46.219,117396.51852350791,2335290383260.173,44195309908.176605
2025-08-16 01:03:07.981,117800.72549274012,2345048322517.9575,43685967849.247055
2025-08-16 02:03:08.130,117954.97333880374,2348008993740.879,43877900898.17994
2025-08-16 03:02:51.235,117569.54211594824,2340613537997.707,43086641024.218254
2025-08-16 04:02:57.432,117533.98734372148,2339562179242.2905,42259501701.47694
2025-08-16 05:02:25.789,117903.7017188172,2347622216849.743,38228895069.26985
2025-08-16 06:07:20.248,117696.32142573298,2342830720398.573,41051836332.561325
2025-08-16 07:07:25.451,117451.02331171713,2339198461707.8457,40453329487.21808
2025-08-16 08:03:10.562,117663.79245540539,2342309486917.1396,40336540998.330215
2025-08-16 09:01:13.697,117657.13593094652,2342840623957.3657,39974706539.33603
2025-08-16 10:02:09.908,117411.10125498683,2340471353511.1113,40346599234.85132
2025-08-16 11:02:54.351,117466.55165291626,2338213158202.3057,39711758469.982864
2025-08-16 12:03:25.410,117448.5772878559,2338124833772.145,40046541951.517654
2025-08-16 13:02:47.207,117816.83364875686,2345497623843.92,38768119555.74799
2025-08-16 14:03:24.481,117711.81257679683,2343063305405.6543,33447988735.289047
2025-08-16 15:00:39.179,117817.33458730514,2345409653722.3364,34465941057.82072
2025-08-16 16:02:51.110,117745.29749254188,2344280878959.3994,30479606538.968193
2025-08-16 17:00:44.831,117821.00630637373,2345490959477.8438,27070288706.322876
2025-08-16 18:05:53.900,117763.14050380496,2344297429973.3794,27140513931.15808
2025-08-16 19:03:10.389,117748.69876342453,2343936787440.9697,26151422407.901424
2025-08-16 20:02:05.909,117734.22808778555,2344244015423.3013,24783316758.07552
2025-08-16 21:02:29.270,117709.02188428598,2343638689173.9326,24284146947.68263
2025-08-16 22:02:53.272,117503.9270349045,2340135382379.651,24230349699.68281
2025-08-16 23:07:33.282,117484.75585417039,2338939503495.187,23794931994.61549
2025-08-17 00:05:46.326,117397.54362420287,2338827727300.663,23184873267.620586
2025-08-17 01:02:58.518,117369.57653063927,2336319794701.8477,22333955319.068207
2025-08-17 02:02:44.298,117521.58845065876,2339266906095.181,20620663106.76984
2025-08-17 03:02:14.587,117663.3727826123,2341725076182.4966,21494498515.102337
2025-08-17 04:00:02.408,117784.9202897309,2345128872938.2812,19721262226.493782
2025-08-17 05:00:35.889,118146.94391682425,2353130889779.353,21428978699.29996
2025-08-17 06:03:06.372,118082.79247968765,2350720510599.619,21300267300.910324
2025-08-17 07:02:45.641,118027.58938661608,2348847481051.322,21044944087.18575
2025-08-17 08:02:27.972,118094.96996974589,2350107482288.9443,20670997887.011875
2025-08-17 09:00:50.982,118375.95123513404,2356023149156.1865,21001865564.879364
2025-08-17 10:02:59.374,118348.89228201286,2356616661395.9077,21320633369.059124
2025-08-17 11:02:50.913,118359.5056951518,2356074143752.921,20117587454.892338
2025-08-17 12:03:07.021,118384.92193419846,2356074416563.036,19832211437.816414
2025-08-17 13:02:11.175,118185.47472943665,2354346305899.3086,19726143680.68364
2025-08-17 14:02:36.364,118451.62072881311,2358800117116.361,19328239424.646633
2025-08-17 15:02:16.029,118213.36966862573,2353437692243.882,19304050553.922386
2025-08-17 16:03:18.243,118303.92136200068,2354296736053.8125,19240173212.095814
2025-08-17 17:00:26.969,118019.83988133041,2350306769363.359,19729043891.98422
2025-08-17 18:03:13.393,117975.7857182899,2348615430882.7803,19869844426.65686
2025-08-17 19:02:14.870,117800.3890012445,2345157327240.8335,20323457770.61986
2025-08-17 20:03:19.090,117659.9232573146,2342627303035.8384,20858980140.990505
2025-08-17 21:02:23.419,117744.57938981004,2344186280734.1543,20810344457.40564
2025-08-17 22:03:22.102,117792.21371595125,2344460318545.236,20825403826.175056
2025-08-17 23:01:54.800,118004.76868885547,2349079656496.388,20685217966.42999
2025-08-18 00:02:30.727,117519.35606632655,2339947498378.4526,20919712550.496597
2025-08-18 01:03:14.591,117293.77662722742,2335716385366.1626,21815886939.45657
2025-08-18 02:02:53.312,116457.32687457414,2318417548014.1006,24581181633.343006
2025-08-18 03:01:30.899,115762.72294417131,2304817370432.12,27596509865.82609
2025-08-18 04:02:43.252,115355.15362701363,2297390814871.4697,29715058316.70636
2025-08-18 05:03:07.777,115582.39765044459,2300076809487.9824,29989283651.029594
2025-08-18 06:03:32.999,115677.2437142178,2303071311274.9536,29247877687.589188
2025-08-18 07:03:21.362,115295.02327023851,2293036125463.348,31191542322.332653
2025-08-18 08:03:48.982,115338.9847735173,2295799383951.9624,32526666444.138912
2025-08-18 09:00:27.213,115197.40503646056,2294048283199.3843,32951980632.03165
2025-08-18 10:03:03.017,115074.7800568399,2291995386259.353,34271576980.23296
2025-08-18 11:02:25.005,115124.87334587987,2292491426848.5073,37320922860.19554
2025-08-18 12:00:38.558,115044.56004926866,2289808098472.0337,35353092704.49016
2025-08-18 13:02:19.735,115527.0309311352,2299308840342.1646,39140875904.88485
2025-08-18 14:02:13.194,114995.26995245655,2292177314343.502,38317764892.86075
2025-08-18 15:02:12.018,115648.19465225624,2297933162370.366,40189514662.24893
2025-08-18 16:03:21.565,116256.12045700087,2313211215590.2793,43424598200.07567
2025-08-18 17:02:48.704,116083.85779306894,2309787446241.557,40251510722.794945
2025-08-18 18:03:17.580,116717.50032215302,2323651436519.795,44544188414.253784
2025-08-18 19:03:07.996,116612.61591671837,2321553564084.4775,45060972832.86944
2025-08-18 20:02:47.066,116359.64918942218,2316421467518.5996,45254447893.187836
2025-08-18 21:02:34.740,116467.14070857807,2317636857440.67,46002619788.25187
2025-08-18 22:01:27.625,116713.43762065737,2322864150185.8813,46612992379.49223
2025-08-18 23:02:51.292,116445.12054707026,2321094059957.7896,46819813147.56796
2025-08-19 00:06:58.562,116315.1187900144,2314502640170.1543,47234423701.30825
2025-08-19 01:02:57.300,116578.69611080748,2321657361465.848,43014211850.83455
2025-08-19 02:02:55.046,115840.82295104749,2305705995705.719,45048722686.44198
2025-08-19 03:03:27.066,115739.41713066881,2304501504763.8813,41556606133.007866
2025-08-19 04:02:33.984,114853.79567274198,2286882334873.796,36806153204.06423
2025-08-19 05:03:04.816,115310.22932577619,2294293612950.6006,42401100746.07195
2025-08-19 06:02:28.348,115021.97815753656,2294423310010.4224,37848687030.93779
2025-08-19 07:02:51.797,114985.89568101108,2291439335302.4355,36503838014.26732
2025-08-19 08:01:05.724,115011.33437220617,2289271973630.2954,39660867167.464096
2025-08-19 09:00:29.123,115244.10458929573,2293584399904.6343,35686297321.47995
2025-08-19 10:00:58.919,115371.1864707095,2297152685011.8984,38239878260.73187
2025-08-19 11:01:41.387,115429.16618470901,2297924161622.171,37430671443.38621
2025-08-19 12:02:45.234,115559.44716650811,2301246939401.8125,37452709494.71494
2025-08-19 13:01:52.658,115599.61514159056,2299127509423.0,36931886329.83645
2025-08-19 14:02:31.238,115239.4878544111,2294254678348.0596,33343923238.3509
2025-08-19 15:02:29.349,114004.88666207601,2266352163990.8726,39555884499.56829
2025-08-19 16:02:40.464,113820.33698581933,2265974362234.498,41455680962.47773
2025-08-19 17:01:02.973,113404.06193584246,2257770513758.773,41703252447.975975
2025-08-19 18:00:55.792,113494.55052097653,2257831663822.957,38767013868.5328
2025-08-19 19:05:35.423,112832.75554814276,2251023272243.7,43705084656.35368
2025-08-19 20:02:42.362,113271.63940944368,2255954709154.1177,45137838887.3973
2025-08-19 21:02:24.159,113497.50086327353,2258657217053.825,44586489667.24651
2025-08-19 22:02:24.396,113414.51430137384,2258899478749.297,44779365251.50792
2025-08-19 23:00:35.729,113170.10811534988,2254079557134.3145,45788441426.74541
2025-08-20 00:02:24.721,112896.32534645073,2245877071707.092,46894541027.51199
2025-08-20 01:00:37.645,113221.30878378011,2255448995254.5034,42538241876.26035
2025-08-20 02:00:43.860,113038.63562802887,2250451960764.096,43099302140.83163
2025-08-20 03:02:13.328,113436.86955390326,2258641711090.1978,44153560151.65437
2025-08-20 04:02:17.509,113499.88101366491,2259228474500.9097,46648678656.68352
2025-08-20 05:00:47.331,113576.63342572509,2260974600811.409,44730460959.930695
2025-08-20 06:01:46.002,113712.34453532855,2264588933789.8525,44979086223.03822
2025-08-20 07:02:32.058,113616.7780659848,2261760583442.406,44540793525.55041
2025-08-20 08:00:31.111,113548.32584815667,2261162882023.937,43938551344.338135
2025-08-20 09:01:36.202,113979.37893099306,2268893619710.649,45071296899.7613
2025-08-20 10:02:34.089,113738.87260459366,2263435150364.939,45507876848.20262
2025-08-20 11:02:21.868,113814.60747522612,2266593551917.9185,45463851298.78079
2025-08-20 12:02:29.547,113772.5953048606,2260813973237.32,46606701431.230354
2025-08-20 13:00:20.461,113704.65095237858,2264262905482.607,46493644645.02271
2025-08-20 14:01:07.017,112721.52528522459,2244621571473.9336,47409002973.9134
2025-08-20 15:05:18.525,113468.71586206947,2258944608739.2764,42737896339.57028
2025-08-20 16:00:45.904,113364.1275536759,2260428487226.0225,45330962207.64718
2025-08-20 17:02:43.088,113947.58727837629,2269591372048.394,46093178700.28271
2025-08-20 18:02:23.731,114200.26919279918,2273489883662.547,44969490820.75231
2025-08-20 19:02:29.859,113588.02274704837,2261640562840.9976,41640210717.64218
2025-08-20 20:02:37.116,114227.65280595022,2272968433049.0527,43899516543.65584
2025-08-20 21:01:38.563,114351.92452461013,2276289607132.562,43762392368.75179
2025-08-20 22:02:11.136,114422.93252401563,2277131780627.5625,43622277551.29078
2025-08-20 23:02:02.274,114590.45445269886,2281541204491.5835,43391081238.798386
2025-08-21 00:01:42.284,114250.43172587751,2274668593474.138,42282443322.69223
2025-08-21 01:02:19.563,114337.7268829338,2276063428099.1973,41701940902.23417
2025-08-21 02:02:07.089,114723.4072135875,2283196789907.89,39431182617.15398
2025-08-21 03:01:12.204,113987.89517975388,2268736376633.4507,40240528752.222626
2025-08-21 04:01:31.792,113987.13392915655,2270895425379.2163,38516342245.77847
2025-08-21 05:02:02.324,113808.26421295329,2265840029488.3438,37943880322.50303
2025-08-21 06:02:33.048,113954.38733064673,2268024507156.493,34696637099.406204
2025-08-21 07:02:15.544,113737.02812154038,2265765473142.9883,38681475462.57837
2025-08-21 08:02:35.497,113890.13604780457,2267505038286.3457,38188109033.52714
2025-08-21 09:02:44.932,113638.22918676953,2262609739234.969,37549329437.96879
2025-08-21 10:00:56.020,113396.1776883503,2257820311214.1187,37593949831.45612
2025-08-21 11:02:25.842,113373.80279295826,2256373078285.989,37143984349.62482
2025-08-21 12:00:47.607,113132.28582905016,2251875608345.2856,37468392944.52651
2025-08-21 13:01:50.458,112952.51362584245,2249250168491.81,36929742710.01171
2025-08-21 14:02:58.527,113504.91074576437,2262161314392.4688,36913318007.19882
2025-08-21 15:02:30.029,113266.26639577647,2255966047387.91,34349543158.606915
2025-08-21 16:01:48.251,112773.38343187496,2247062639419.402,31058409226.911808
2025-08-21 17:02:05.532,112398.3636645793,2239234424084.059,33693160441.712955
2025-08-21 18:02:04.597,112379.88592699269,2237507889448.318,33840190741.362995
2025-08-21 19:02:22.153,112571.655424373,2241280055804.3145,31679195219.135468
2025-08-21 20:01:52.647,112023.06158201321,2231248441713.596,33258011046.23826
2025-08-21 21:02:51.090,112564.21553111593,2239436205029.1846,33610308289.103546
2025-08-21 22:02:41.573,112561.18367557136,2241003545824.562,33425866734.35019
2025-08-21 23:02:29.621,112468.84756023913,2239211473136.5786,32709524011.280228
2025-08-22 00:02:51.862,112414.39987336512,2238121481749.57,32048202090.65466
2025-08-22 01:02:36.235,112570.05901657068,2242054061730.4062,31863226030.040344
2025-08-22 02:01:26.472,112817.82613496445,2246094364233.1074,31512472005.466564
2025-08-22 03:01:24.381,113266.61693979731,2256413799839.6694,32264079286.30188
2025-08-22 04:01:49.894,112933.12517331423,2248359409794.6763,31790586244.230686
2025-08-22 05:00:44.257,112787.89866622085,2245220872297.55,32070036247.588997
2025-08-22 06:02:26.997,113216.10154703319,2253433008285.5044,31659211130.85369
2025-08-22 07:02:36.216,112999.09282659138,2249539869276.1523,32181558938.674603
2025-08-22 08:02:24.914,113108.75506378774,2252686790268.9346,32687785291.633484
2025-08-22 09:02:41.935,112993.43834510577,2249354374072.887,32476325582.469376
2025-08-22 10:02:37.279,113074.45957010616,2251116342106.2847,32247497772.83376
2025-08-22 11:02:22.275,112521.5479279412,2240518862368.8647,32725679377.15134
2025-08-22 12:01:38.441,112288.33375620782,2235872533806.0073,32383528241.204155
2025-08-22 13:02:32.032,112360.04916226704,2242305341529.0146,31706991968.390926
2025-08-22 14:02:48.421,112497.07530672899,2241628008843.154,35468782916.49639
2025-08-22 15:02:36.906,115949.64822768302,2309252107022.1333,42781054684.85562
2025-08-22 16:02:32.195,116733.62955688963,2326829944930.6978,45922545000.10242
2025-08-22 17:01:59.526,116242.77576562841,2313274062906.539,48720009133.189285
2025-08-22 18:01:12.029,116925.15114552547,2326891596365.0376,49544866744.46024
2025-08-22 19:02:53.164,116754.18597018225,2325108822371.891,50155473288.184364
2025-08-22 20:04:21.905,116630.95770630019,2321824606630.221,50082805752.61533
2025-08-22 21:00:39.854,116893.16140783997,2326722909643.591,50371447626.11096
2025-08-22 22:02:25.029,117016.4148378404,2329366048163.572,51002312657.51935
2025-08-22 23:03:02.033,116690.82991354102,2323301410531.106,50558197963.827705
2025-08-23 00:01:49.434,116897.54178212964,2327443500099.5054,50833111088.85954
2025-08-23 01:00:34.385,116840.2881931396,2326894315457.115,50863072838.05745
2025-08-23 02:02:12.950,116431.22818366549,2317754094091.718,50438213222.20327
2025-08-23 03:02:13.028,115820.56605227095,2309140833105.0454,53462597660.537346
2025-08-23 04:02:18.492,115506.45234208381,2300261749400.2764,52569447344.06513
2025-08-23 05:02:39.819,115836.07441882673,2306032109181.823,52565552949.78911
2025-08-23 06:02:01.222,115916.12989192463,2308600670189.3047,53253795258.25153
2025-08-23 07:02:44.649,115686.06492737045,2303082634246.3696,52878916142.69842
2025-08-23 08:02:16.421,115756.2715219422,2304302746975.9194,52717524858.258606
2025-08-23 09:03:05.928,115734.99631164433,2304082327343.9233,48640517091.69404
2025-08-23 10:02:47.918,115693.18189345239,2303245842381.469,52210251491.12992
2025-08-23 11:02:07.091,115518.50378351717,2300305577541.015,51871948970.09468
2025-08-23 12:00:00.562,115274.0388844848,2295739838101.326,51716159537.264275
2025-08-23 13:02:23.249,115135.13762173562,2293033167354.458,49109336712.525505
2025-08-23 14:01:35.437,114821.41680903742,2287148309247.807,48997628374.48042
2025-08-23 15:02:46.088,114686.33732965987,2282949838738.9985,41462405461.682594
2025-08-23 16:02:24.239,114783.2566749885,2285458369908.93,37135036579.25317
2025-08-23 17:02:12.024,114971.81358538911,2288200759609.6,32855528199.545666
2025-08-23 18:02:37.432,115025.4752987663,2290344520918.2124,32790555515.312447
2025-08-23 19:02:04.743,115092.92711799828,2292089190107.063,31483027823.875717
2025-08-23 20:03:01.408,115099.37297567134,2291833838994.182,30520515991.097103
2025-08-23 21:02:31.788,115226.72980830548,2294165689298.636,27941655431.383087
2025-08-23 22:02:36.015,115167.53577999982,2293008431409.6396,28659750755.356216
2025-08-23 23:01:40.362,115280.20647376521,2294763298927.219,27623022682.170525
2025-08-24 00:03:09.115,115359.98346714744,2296786080139.701,27306719885.257973
2025-08-24 01:00:06.611,115363.99729235176,2296821707636.3984,27072316168.250343
2025-08-24 02:02:12.191,115431.1805844341,2298635074296.242,26692001773.72604
2025-08-24 03:00:36.078,115069.43066346603,2291279996027.2827,25446661310.325912
2025-08-24 04:01:45.888,114993.24273069265,2290240117786.8467,25559928547.878998
2025-08-24 05:02:23.931,115086.60114191737,2291993005511.1914,25043140601.09021
2025-08-24 06:00:53.884,114953.03010212432,2288807288533.446,24560564942.829094
2025-08-24 07:02:42.692,114844.61849424148,2286726452252.2295,24730635069.13534
2025-08-24 08:02:30.401,114879.69078631983,2288602051345.3086,24455593975.15203
2025-08-24 09:02:08.786,114753.3400146967,2284814847657.053,24973297619.58047
2025-08-24 10:01:43.563,114823.03309844933,2287209355231.885,25182786693.78483
2025-08-24 11:02:32.598,114736.45359290068,2286859113003.1675,25269282624.89648
2025-08-24 12:02:54.000,114695.2412707355,2283263637634.276,25589025693.645447
2025-08-24 13:02:47.741,114614.30553312866,2282001424744.7217,24857390273.595615
2025-08-24 14:01:09.178,114578.64745830485,2281577218556.166,24479691746.429386
2025-08-24 15:02:00.257,114472.18350232056,2281350100590.116,22921175596.468124
2025-08-24 16:01:54.199,114369.60753646833,2278565303779.6104,22884533619.60173
2025-08-24 17:02:02.369,114250.27307611563,2274829265671.542,25339894655.86093
2025-08-24 18:01:59.243,114367.75226983133,2276654924840.312,25119528930.497387
2025-08-24 19:02:33.861,114566.05862349035,2282602424338.571,28383292003.692722
2025-08-24 20:00:39.541,112217.2548926291,2238625964831.9556,31584532548.078114
2025-08-24 21:02:42.661,112698.95169330903,2243950642731.815,39383149595.03231
2025-08-24 22:02:54.764,113061.2323796558,2251399906971.3726,40830921832.74007
2025-08-24 23:02:32.010,113414.74875838551,2256536044289.26,41782659810.32342
2025-08-25 00:02:31.739,113399.54847314971,2259663171125.389,40682656776.69001
2025-08-25 01:00:55.537,112585.42278319375,2241115890085.063,41251485778.1079
2025-08-25 02:02:28.534,113023.46267055321,2250168524452.0737,43474356664.27717
2025-08-25 03:01:53.333,113415.23674884671,2258307353192.535,44825375822.32035
2025-08-25 04:02:21.093,113208.55925045427,2254114642273.7476,45013362459.56276
2025-08-25 05:01:45.531,112763.21919387885,2245114279509.5044,44766806528.77922
2025-08-25 06:01:44.424,112392.21541055867,2237860282931.8213,45109734199.44281
2025-08-25 07:00:09.035,111949.0739478392,2226570626706.5723,45768364362.53734
2025-08-25 08:02:28.529,111472.72000741534,2219750897246.8853,46347736844.41371
2025-08-25 09:03:08.736,111577.96708361676,2221723199015.2637,48849691049.443085
2025-08-25 10:03:00.092,111632.32778606439,2223936834622.7446,49349952717.45977
2025-08-25 11:02:48.113,110955.98821477545,2209276192845.046,50331033968.3015
2025-08-25 12:02:25.457,111218.67088723912,2214790195844.628,51828673258.15544
2025-08-25 13:01:53.515,111492.03809636572,2219679033930.0723,52409963403.49649
2025-08-25 14:02:35.854,111321.38417438182,2213656480965.62,51060453841.741264
2025-08-25 15:02:59.101,112210.11202691354,2233789095508.609,56036299387.76223
2025-08-25 16:02:51.652,112290.17460521753,2235012085053.7197,54100932070.60992
2025-08-25 17:00:56.917,112547.51261168132,2242714068985.801,54303524981.15725
2025-08-25 18:02:43.593,112497.5793839499,2239818918243.5728,57446865096.65609
2025-08-25 19:01:53.880,112386.51107136758,2238395870779.923,56245360295.508095
2025-08-25 20:03:34.623,110909.83928590608,2208372503064.0137,52612308119.58182
2025-08-25 21:02:57.718,109690.83734151356,2181944377146.4768,50874692501.464455
2025-08-25 22:02:55.775,110180.98485988827,2193954513081.6912,56423072825.17286
2025-08-25 23:03:22.354,110239.01953202092,2197035281377.5393,52583112387.23077
2025-08-26 00:00:50.533,110185.35443900425,2194453712375.598,52854872363.936554
2025-08-26 01:00:41.595,109214.15345032258,2179313219846.0686,58179796983.544136
2025-08-26 02:02:19.618,109728.828049138,2186567472833.4453,59266520304.45751
2025-08-26 03:02:35.237,109702.83902011866,2184481229788.5996,59791517999.529495
2025-08-26 04:02:28.236,109901.68999609181,2188307718476.66,60269013171.39762
2025-08-26 05:02:29.764,110093.02421135378,2192540623108.5037,59962545448.689804
2025-08-26 06:02:38.519,110275.87047428692,2196545219586.226,59393134095.57825
2025-08-26 07:01:39.264,110007.15361203271,2189431945063.593,58232530079.61229
2025-08-26 08:01:07.749,110304.27215130755,2197180362439.7385,54442025560.91784
2025-08-26 09:01:51.675,110152.35553114467,2193479729443.1501,56100183808.53877
2025-08-26 10:02:12.586,110185.45908945947,2191609590785.4102,52673857577.893654
2025-08-26 11:02:29.379,110215.27817468811,2195300674468.6619,54218560157.09526
2025-08-26 12:02:08.639,109677.9347150727,2183875702849.4226,53617864093.79292
2025-08-26 13:03:23.920,110150.8422047899,2194953604188.5745,55052870907.81924
2025-08-26 14:02:45.274,109798.30968920077,2186033041536.6382,50582442595.12382
2025-08-26 15:02:31.816,110332.08066219365,2194620427115.5466,50831898415.50748
2025-08-26 16:00:18.607,109711.32807576722,2183999839259.435,50552261496.052574
2025-08-26 17:02:41.965,109881.034253352,2185719971418.2605,53896424429.32773
2025-08-26 18:02:33.939,109816.60727497659,2186179065977.8997,50246743910.975395
2025-08-26 19:02:23.091,110753.61395335088,2205474741962.131,51049478214.32461
2025-08-26 20:02:34.071,111094.40395034778,2212387719892.1924,53572450854.26887
2025-08-26 21:02:40.727,111363.70210444374,2215431001681.9214,45591977809.91141
2025-08-26 22:02:38.261,111450.63572055796,2218904157218.258,45912953928.839966
2025-08-26 23:05:32.611,111889.77042079122,2227594692132.1353,45944710487.08485
2025-08-27 00:02:25.667,111842.70999260596,2227025695775.593,43023800053.0546
2025-08-27 01:01:51.662,111365.02501415942,2217355986692.3486,42323169935.84372
2025-08-27 02:02:06.995,111263.82257988887,2215485902793.681,40953999147.95808
2025-08-27 03:00:08.376,111187.4957975124,2215942209897.7905,40238149590.10205
2025-08-27 04:01:41.251,111519.27221730023,2223504268357.647,40399041185.972786
2025-08-27 05:00:38.283,111605.7581072873,2221511062705.2827,39927558882.08654
2025-08-27 06:02:10.981,111373.0830708973,2217775903997.582,39515288919.938416
2025-08-27 07:02:08.901,111054.43395634122,2211827590814.5034,39223233721.06222
2025-08-27 08:02:46.341,110692.47419258242,2204532815848.391,38941102684.48362
2025-08-27 09:01:45.519,110711.82323814013,2204553774123.831,39337872985.31356
2025-08-27 10:06:33.154,110979.2966833095,2207354409055.9966,39528456508.393936
2025-08-27 11:01:06.124,111006.11176683908,2211763518265.343,39647569186.46201
2025-08-27 12:02:34.572,111315.87558119372,2217338892625.284,36765670258.05036
2025-08-27 13:01:01.554,111337.10808421562,2216061025998.7705,35830473940.5946
2025-08-27 14:01:52.627,111484.2870822013,2221888724266.805,35704921225.298035
2025-08-27 15:02:10.236,111885.40822394217,2230926812692.7134,38095437335.5302
2025-08-27 16:02:19.120,111952.54564260962,2228169833151.292,36042544904.33156
2025-08-27 17:02:14.682,112146.40816198313,2233414367333.154,35664679793.32469
2025-08-27 18:02:46.354,112370.95333819998,2237859981559.756,37191226587.508835
2025-08-27 19:02:37.377,112117.98555959277,2234192972553.7656,36388158449.048164
2025-08-27 20:02:13.842,112036.43796942328,2230962695329.512,35787805416.855415
2025-08-27 21:02:39.998,112313.86641648396,2234158204165.3633,38200548204.98113
2025-08-27 22:02:24.961,111484.66081809542,2220438807083.905,38265198959.6821
2025-08-27 23:06:41.720,111438.43391304565,2219782307604.9614,37713714851.063545
2025-08-28 00:02:06.746,111241.29264807492,2214395543347.5,37005486879.32488
2025-08-28 01:00:17.181,111279.9840682491,2217645099385.341,37103260667.507576
2025-08-28 02:02:15.481,111659.07422306083,2223359663461.2573,37012771556.23348
2025-08-28 03:01:35.350,111492.62276162558,2220739225648.6274,35820003270.59694
2025-08-28 04:02:48.043,111972.00291151149,2227793041441.8105,35487941569.88196
2025-08-28 05:01:57.526,112973.09401848726,2250142087168.142,36985679139.296265
2025-08-28 06:02:32.406,112796.14678561086,2245592893706.2334,37651166791.32505
2025-08-28 07:02:29.630,113194.26010797978,2253101002686.753,38307956272.803246
2025-08-28 08:02:24.259,113084.56059867593,2251801892967.388,37903209099.62217
2025-08-28 09:02:29.810,113079.89885511795,2253155356400.954,38115284436.28997
2025-08-28 10:02:17.782,112851.5035949865,2247505568810.046,37215368354.927055
2025-08-28 11:02:51.561,112984.18074069126,2249489155848.143,37879586381.55444
2025-08-28 12:02:33.317,112994.8051418919,2249009750678.738,37654428802.949265
2025-08-28 13:02:20.506,113220.30581858233,2254523558899.721,37287371968.780815
2025-08-28 14:02:50.627,112807.00850651073,2244312908109.7,39908556193.16241
2025-08-28 15:02:09.969,113127.76497911806,2255283417921.101,37353526013.734146
2025-08-28 16:00:38.390,112672.54945390136,2242495162558.533,34425217153.24764
2025-08-28 17:02:30.192,112471.39040607649,2243011345591.759,39018249397.41754
2025-08-28 18:02:53.202,112395.34736845951,2240780461256.721,37854772180.5903
2025-08-28 19:02:40.347,112405.27708292821,2238116895150.656,37976734048.801056
2025-08-28 20:03:07.060,112053.8352679849,2232415695032.5576,37677324696.43244
2025-08-28 21:00:57.725,111946.7754584206,2228603153136.2954,35230862659.003456
2025-08-28 22:02:02.118,112029.05303062919,2230718185724.279,32600365860.87191
2025-08-28 23:02:22.849,112406.3705221515,2238400130730.306,33659831754.927155
2025-08-29 00:02:29.398,112512.68098276858,2241139700048.1245,34139897762.011417
2025-08-29 01:02:39.623,112170.56839954754,2233418814586.4526,33768111975.628925
2025-08-29 02:03:16.657,111479.67155871727,2219894650834.3945,34389419297.65558
2025-08-29 03:01:43.876,111441.32035684185,2219914489618.846,34823298287.72117
2025-08-29 04:02:43.731,111740.83258167285,2225765381803.7754,34842440459.00299
2025-08-29 05:02:31.940,111537.02447096257,2219805308141.754,33768921257.624115
2025-08-29 06:00:28.150,111271.11086371409,2214171552028.088,34037493496.90648
2025-08-29 07:02:52.036,111229.55686331021,2214868040510.926,35221913089.23817
2025-08-29 08:02:52.950,110056.44930497855,2192062326103.0461,36760193445.6029
2025-08-29 09:03:03.017,109672.50963999434,2184169631723.6038,38816734490.17289
2025-08-29 10:02:44.710,109833.99427650348,2187156892833.1223,40169446939.04035
2025-08-29 11:02:08.708,110038.85542257076,2190377669594.9602,39827564101.86447
2025-08-29 12:00:26.385,110063.0908605544,2190879347871.5325,39885681071.848145
2025-08-29 13:02:48.834,110692.1003713299,2204208607635.8164,42420567743.667595
2025-08-29 14:00:35.093,109303.46797708416,2179076750457.152,41377164300.95963
2025-08-29 15:01:45.382,108197.66095291973,2156768194333.166,45076627702.98817
2025-08-29 16:01:50.634,108417.70949438454,2160092961784.5625,47333942473.832695
2025-08-29 17:02:12.775,108664.15066466853,2165555304775.368,48150774363.94828
2025-08-29 18:02:46.331,108532.50275425,2161511059992.6738,48230422333.300644
2025-08-29 19:02:28.319,108103.23157683069,2153745867901.7483,48061925178.644104
2025-08-29 20:02:35.710,108355.62145451456,2159983793680.5964,47259531400.754684
2025-08-29 21:02:19.480,107696.08632642716,2143436252229.0908,50811940788.65954
2025-08-29 22:02:28.528,108446.3745473655,2158768075614.1377,51880448639.82971
2025-08-29 23:02:29.328,108268.4161096884,2156159106070.4075,51844407718.36738
2025-08-30 00:02:01.833,108335.63315175903,2159057139903.7102,51741794008.06818
2025-08-30 01:02:27.033,108246.54166839329,2156040950827.179,51498913659.0893
2025-08-30 02:02:29.563,107689.75218525807,2148301928070.339,53083147690.21834
2025-08-30 03:02:34.887,107794.37105723779,2146567864544.4138,51875285237.248314
2025-08-30 04:02:20.481,108442.92966971411,2159286364549.1504,53252521322.71203
2025-08-30 05:02:24.360,108443.38056994171,2159989314715.1558,53218662843.688416
2025-08-30 06:02:36.883,108345.4375230552,2157413468732.255,54814126047.11579
2025-08-30 07:01:05.380,108283.01212750797,2155441612526.2527,53421451835.42833
2025-08-30 08:02:23.680,108491.06437226555,2160361952337.2952,51662840812.54373
2025-08-30 09:02:16.391,108574.51261194066,2162213331768.521,50216160288.43795
2025-08-30 10:02:55.412,108584.54577285751,2162293946007.8457,48347739138.0621
2025-08-30 11:02:58.802,108407.80021252781,2159564759923.4377,48368078193.23883
2025-08-30 12:01:32.535,108690.68452327688,2164390021704.0444,47698491675.28313
2025-08-30 13:02:01.832,108604.49554206168,2162303574991.1726,45521842478.83767
2025-08-30 14:02:26.521,108489.97606722396,2160112319591.5527,45017094391.909134
2025-08-30 15:02:34.465,108696.33053225471,2164775439406.8745,38790353534.64288
2025-08-30 16:05:52.490,108828.81267275482,2167060425417.6514,36477452706.25169
2025-08-30 17:06:16.442,108853.56250612278,2166838947234.9822,35045326213.40083
2025-08-30 18:02:25.139,108784.69009733132,2166342199280.6902,33964998632.29449
2025-08-30 19:02:11.544,108831.02435122912,2167312641757.1135,33485365098.569847
2025-08-30 20:02:15.205,108824.11532343693,2166363454922.7246,31998341771.74229
2025-08-30 21:02:30.339,108634.16964133283,2163175403869.9236,29303586117.40271
2025-08-30 22:02:17.632,108582.27751660284,2162682354098.7717,28208799907.59237
2025-08-30 23:02:29.444,108541.98755698749,2161337343837.0042,27678509334.769215
2025-08-31 00:01:31.633,108781.95727925687,2166165747945.1812,27799981330.792213
2025-08-31 01:02:00.896,109321.61315448761,2175067681300.113,29033453635.819065
2025-08-31 02:01:57.846,109453.20512620649,2179409664398.0552,28102043551.20417
2025-08-31 03:00:42.817,109204.05685309111,2174833148150.963,26814296856.504772
2025-08-31 04:02:43.963,109176.75567483262,2174158705533.405,25402349785.580326
2025-08-31 05:01:41.261,108801.68875379856,2166272449918.6775,23401688003.84472
2025-08-31 06:02:43.952,108726.08748773241,2165634093160.6094,23313271591.01201
2025-08-31 07:00:59.485,108714.57164084422,2164944861740.5005,22719126887.276665
2025-08-31 08:02:44.758,108706.45025808786,2164506878829.7854,21849919398.95163
2025-08-31 09:02:36.863,109005.61709478054,2170290106462.9995,21300151841.967514
2025-08-31 10:01:49.930,108509.82249097874,2161268607402.0042,21996852442.668564
2025-08-31 11:02:06.758,108569.40786727174,2162288769846.1343,22739406517.75219
2025-08-31 12:03:42.688,108381.3200095023,2158713195780.6936,22529243338.752674
2025-08-31 13:00:48.031,108323.515018761,2157306198913.0625,22917168746.38633
2025-08-31 14:02:18.122,108350.98314626004,2157654799347.7905,22706517324.76821
2025-08-31 15:01:41.914,108462.07683097602,2159588949571.4836,23208644520.44194
2025-08-31 16:02:21.408,108786.16404496257,2166859189294.9868,23763845555.553215
2025-08-31 17:00:37.043,108949.12666027468,2168905950554.3179,24060525660.591053
2025-08-31 18:01:11.785,108979.48633378587,2169974708911.6484,24300747401.85449
2025-08-31 19:01:52.435,109131.67937094519,2173651127198.8533,24649517934.416943
2025-08-31 20:00:32.327,108922.73073924262,2169717255358.761,24754526142.754795
2025-08-31 21:02:37.565,109066.36655120115,2171640748681.908,24902315647.423786
2025-08-31 22:01:38.716,109026.24716432432,2171628568025.635,24831479032.902283
2025-08-31 23:02:10.273,108867.78018188462,2168035106372.9802,25405802959.944466
2025-09-01 00:01:24.782,108253.36092385623,2155694976689.5986,26140904019.246822
2025-09-01 01:00:12.717,108320.52812654947,2155731734094.8604,26939745090.092907
2025-09-01 02:02:30.453,108163.58489380409,2152893869000.5337,27146392273.101738
2025-09-01 03:02:20.902,107556.16168412984,2142970201319.866,28574809879.725266
2025-09-01 04:02:26.682,107633.57490420509,2144136165839.8613,29546385809.233013
2025-09-01 05:02:44.431,107414.44225002972,2137715038703.0693,29693713477.104195
2025-09-01 06:02:01.276,107871.05404069647,2148376377723.9739,29780527713.80739
2025-09-01 07:02:49.849,108078.81452214558,2152065189915.2236,30186701046.11113
2025-09-01 08:02:19.232,109681.77674236635,2176492006900.8755,32259670269.84683
2025-09-01 09:00:30.775,109587.934559032,2181870456289.2344,34610030831.54151
2025-09-01 10:02:13.227,109486.05714102903,2182121441331.901,35279692317.00584
2025-09-01 11:02:39.678,108458.76073645355,2159040708633.5928,35637850441.66568
2025-09-01 12:03:15.291,108805.92705885452,2165599672073.7397,36946032722.240685
2025-09-01 13:02:21.473,109093.75981654036,2171384171236.5955,36288025415.475876
2025-09-01 14:00:34.233,109035.84305435362,2170895056698.4014,37681784866.612236
2025-09-01 15:02:49.312,109120.00176174857,2169003911997.548,37973191179.64358
2025-09-01 16:02:21.157,108765.47559602367,2164398301560.2896,37767899828.509384
2025-09-01 17:02:52.894,108785.43945433143,2168164224101.5537,37674181975.1417
2025-09-01 18:02:08.376,108975.28057912663,2168607298427.0737,38848511275.559296
2025-09-01 19:02:03.872,109207.51781442288,2175276792174.6165,38967802105.48368
2025-09-01 20:02:57.594,109204.42725358241,2174725893045.4773,39354256060.9119
2025-09-01 20:43:34.000,108694.99630252566,2165339076346.2493,39525021608.11588
