datetime,close,pred_price,pred_dir,pred_prob,real_dir,target_change
2025-09-23 12:10:00,2.8586,2.8582648482606494,0,0.59,0,-0.0104946477296641
2025-09-23 12:15:00,2.8583,2.8593031773209465,0,0.67,0,-0.1609348213973294
2025-09-23 12:20:00,2.8537,2.8555137221245928,1,0.7,1,0.0841013421172487
2025-09-23 12:25:00,2.8561,2.856749770549188,0,0.55,1,0.0945345050943569
2025-09-23 12:30:00,2.8588,2.858576285992892,0,0.58,1,0.1748985588358786
2025-09-23 12:35:00,2.8638,2.8618946519778308,0,0.38,1,0.1361826943222288
2025-09-23 12:40:00,2.8677,2.864909862848804,0,0.3,0,-0.0488196115353889
2025-09-23 12:45:00,2.8663,2.864760751429849,0,0.43,0,-0.0976869134424074
2025-09-23 12:50:00,2.8635,2.8613474722452605,0,0.15,1,0.0104766893661567
2025-09-23 12:55:00,2.8638,2.862255537789951,0,0.21,0,-0.1780850618059992
2025-09-23 13:00:00,2.8587,2.857852542127887,0,0.38,1,0.0804561513975121
2025-09-23 13:05:00,2.861,2.8596037687606364,0,0.41,0,-0.059419783292558
2025-09-23 13:10:00,2.8593,2.858615331142381,0,0.51,0,-0.0944287063267323
2025-09-23 13:15:00,2.8566,2.8567082479222305,0,0.62,1,0.0420079815165008
2025-09-23 13:20:00,2.8578,2.857915721370289,0,0.68,1,0.1119742459234407
2025-09-23 13:25:00,2.861,2.86139927268164,0,0.48,1,0.1188395665850938
2025-09-23 13:30:00,2.8644,2.862740670772682,0,0.3,0,-0.0872783130847598
2025-09-23 13:35:00,2.8619,2.859670197040872,0,0.25,0,-0.0943429190397915
2025-09-23 13:40:00,2.8592,2.85854002245228,0,0.4,0,-0.0629546726356955
2025-09-23 13:45:00,2.8574,2.857584878008509,0,0.46,0,-0.0489955903968719
2025-09-23 13:50:00,2.856,2.8555177490903803,0,0.57,1,0.0805322128851537
2025-09-23 13:55:00,2.8583,2.85762986051482,0,0.6,1,0.2449008151698573
2025-09-23 14:00:00,2.8653,2.86341884743608,0,0.37,1,0.2757128398422681
2025-09-23 14:05:00,2.8732,2.871530096058,0,0.46,0,-0.16358067659753
2025-09-23 14:10:00,2.8685,2.8658047275096754,0,0.35,0,-0.128987275579584
2025-09-23 14:15:00,2.8648,2.8620657109961094,0,0.08,0,-0.1466070929907803
2025-09-23 14:20:00,2.8606,2.8592451611475656,0,0.24,1,0.066419632244985
2025-09-23 14:25:00,2.8625,2.861118150245804,0,0.26,0,-0.1956331877729145
2025-09-23 14:30:00,2.8569,2.856895361783541,0,0.41,1,0.1015086282333932
2025-09-23 14:35:00,2.8598,2.8610108370860443,0,0.58,1,0.1083991887544488
2025-09-23 14:40:00,2.8629,2.861762036594906,0,0.31,0,-0.094309965419681
2025-09-23 14:45:00,2.8602,2.8588722853082125,0,0.32,1,0.1643241731347444
2025-09-23 14:50:00,2.8649,2.8634234169426582,0,0.25,0,-0.0872630807357999
2025-09-23 14:55:00,2.8624,2.860143673317109,0,0.16,1,0.0384292901062011
2025-09-23 15:00:00,2.8635,2.861862022323685,0,0.3,1,0.1990570979570449
2025-09-23 15:05:00,2.8692,2.867697302971388,0,0.15,1,0.0731911334169721
2025-09-23 15:10:00,2.8713,2.8692731065986976,0,0.3,0,0.0
2025-09-23 15:15:00,2.8713,2.8693171329044644,0,0.15,1,0.243792010587529
2025-09-23 15:20:00,2.8783,2.875649806873532,0,0.38,0,-0.1528680123684123
2025-09-23 15:25:00,2.8739,2.8715344797058777,0,0.17,1,0.0452346984933349
2025-09-23 15:30:00,2.8752,2.873342450743181,0,0.18,1,0.1217306622147917
2025-09-23 15:35:00,2.8787,2.875309502054183,0,0.29,0,-0.0590544342932597
2025-09-23 15:40:00,2.877,2.8743613843456464,0,0.13,0,-0.0799443865137305
2025-09-23 15:45:00,2.8747,2.873163987688468,0,0.29,1,0.045222110133225
2025-09-23 15:50:00,2.876,2.873545994023361,0,0.17,0,-0.0312934631432448
2025-09-23 15:55:00,2.8751,2.8729605787717705,0,0.22,0,-0.1878195541024752
2025-09-23 16:00:00,2.8697,2.8688326706784504,0,0.25,0,-0.1428720772206126
2025-09-23 16:05:00,2.8656,2.863558660765447,0,0.22,1,0.1535455053043088
2025-09-23 16:10:00,2.87,2.868459405992813,0,0.23,1,0.0801393728222965
2025-09-23 16:15:00,2.8723,2.871163447534552,0,0.21,1,0.0487414267311914
2025-09-23 16:20:00,2.8737,2.87166724577204,0,0.18,1,0.1252740369558358
2025-09-23 16:25:00,2.8773,2.874848666242634,0,0.13,1,0.1007889340701284
2025-09-23 16:30:00,2.8802,2.878307702283678,0,0.36,0,-0.0555516977987613
2025-09-23 16:35:00,2.8786,2.819109191622313,0,0.28,0,-0.0521086639338586
2025-09-23 16:40:00,2.8771,2.8751765588670914,0,0.14,1,0.2015918807132033
2025-09-23 16:45:00,2.8829,2.880519653963838,0,0.13,1,0.2705608935446912
2025-09-23 16:50:00,2.8907,2.887329428324918,0,0.39,0,-0.1798872245476812
2025-09-23 16:55:00,2.8855,2.882183391903766,0,0.13,0,-0.3119043493328699
2025-09-23 17:00:00,2.8765,2.8747177974549576,0,0.26,1,0.0278115765687481
2025-09-23 17:05:00,2.8773,2.875026785993993,0,0.18,0,-0.069509609703533
2025-09-23 17:10:00,2.8753,2.874174991555423,0,0.25,0,-0.0834695510033789
2025-09-23 17:15:00,2.8729,2.8715609633624406,0,0.32,0,-0.0800584774966028
2025-09-23 17:20:00,2.8706,2.868995410949355,0,0.29,0,-0.0975405838500753
2025-09-23 17:25:00,2.8678,2.866844489640857,0,0.33,1,0.0453309156845049
2025-09-23 17:30:00,2.8691,2.8682574987810097,0,0.37,0,-0.3555121815203343
2025-09-23 17:35:00,2.8589,2.859243770266736,0,0.49,0,-0.1364161040959932
2025-09-23 17:40:00,2.855,2.855807292056996,0,0.61,1,0.0175131348511436
2025-09-23 17:45:00,2.8555,2.8559391561298675,0,0.5,0,-0.2556469970232955
2025-09-23 17:50:00,2.8482,2.8475200310370266,0,0.54,0,-0.0245769257776751
2025-09-23 17:55:00,2.8475,2.847712799972652,0,0.55,0,-0.2352941176470557
2025-09-23 18:00:00,2.8408,2.840545743726134,1,0.7,1,0.3696141931850194
2025-09-23 18:05:00,2.8513,2.8514725001294683,0,0.46,1,0.0385788938378928
2025-09-23 18:10:00,2.8524,2.852679259863802,0,0.52,0,-0.1332211471041899
2025-09-23 18:15:00,2.8486,2.849052405676361,0,0.54,0,-0.0772309204521426
2025-09-23 18:20:00,2.8464,2.847074462719593,0,0.46,0,-0.0737774030354132
2025-09-23 18:25:00,2.8443,2.842817003585778,0,0.42,1,0.1933691945294136
2025-09-23 18:30:00,2.8498,2.852474113750235,0,0.51,0,-0.1789599270124231
2025-09-23 18:35:00,2.8447,2.845022366249036,0,0.45,1,0.0070306183428847
2025-09-23 18:40:00,2.8449,2.846007577322889,0,0.51,0,-0.084361488980289
2025-09-23 18:45:00,2.8425,2.843899193207285,0,0.51,0,-0.0035180299032488
2025-09-23 18:50:00,2.8424,2.844641837172435,0,0.56,1,0.073881227132011
2025-09-23 18:55:00,2.8445,2.845318031407453,0,0.46,1,0.4288978730884185
2025-09-23 19:00:00,2.8567,2.8562942647861056,0,0.59,1,0.1330206181958226
2025-09-23 19:05:00,2.8605,2.859240487622136,0,0.48,1,0.0804055235098744
2025-09-23 19:10:00,2.8628,2.861267074261077,0,0.46,1,0.1886265194914083
2025-09-23 19:15:00,2.8682,2.8670465495016435,0,0.39,0,-0.083676173209668
2025-09-23 19:20:00,2.8658,2.8643629819751,0,0.44,0,-0.07327796775769
2025-09-23 19:25:00,2.8637,2.862314870979082,0,0.35,0,-0.066347731955163
2025-09-23 19:30:00,2.8618,2.8608894446895228,0,0.39,0,-0.0594031728282873
2025-09-23 19:35:00,2.8601,2.8590578627592125,0,0.57,0,-0.1818118247613687
2025-09-23 19:40:00,2.8549,2.8536022300070814,0,0.41,0,-0.1541209849732161
2025-09-23 19:45:00,2.8505,2.850082817848396,0,0.37,1,0.0420978775653502
2025-09-23 19:50:00,2.8517,2.85044583095502,0,0.37,0,0.0
2025-09-23 19:55:00,2.8517,2.851311211103892,0,0.45,0,-0.0526002033874539
2025-09-23 20:00:00,2.8502,2.850877836929185,0,0.49,0,-0.0596449371973895
2025-09-23 20:05:00,2.8485,2.848297246110521,0,0.42,1,0.0421274354923673
2025-09-23 20:10:00,2.8497,2.8495128950372983,0,0.48,0,-0.1614205004035529
2025-09-23 20:15:00,2.8451,2.8438525615774783,0,0.35,0,-0.175740747249653
2025-09-23 20:20:00,2.8401,2.839020356147517,0,0.36,1,0.0774620611950105
2025-09-23 20:25:00,2.8423,2.8427391261886457,0,0.46,1,0.01759138725681
2025-09-23 20:30:00,2.8428,2.8435860618122786,0,0.48,1,0.3588011819333214
2025-09-23 20:35:00,2.853,2.853451848680272,0,0.39,0,-0.0736067297581466
2025-09-23 20:40:00,2.8509,2.851796131093029,0,0.43,0,-0.1192605843768679
2025-09-23 20:45:00,2.8475,2.8480701858740813,0,0.46,0,-0.0491659350307371
2025-09-23 20:50:00,2.8461,2.8453877672469807,0,0.3,1,0.2775728189452264
2025-09-23 20:55:00,2.854,2.8529227599836253,0,0.56,0,-0.1226348983882408
2025-09-23 21:00:00,2.8505,2.849705760370887,0,0.38,0,-0.1648833537975735
2025-09-23 21:05:00,2.8458,2.8445585951112786,0,0.28,0,-0.0632511068943797
2025-09-23 21:10:00,2.844,2.8422772789004123,0,0.29,0,-0.1898734177215089
2025-09-23 21:15:00,2.8386,2.837591915658796,0,0.33,1,0.0035228633833428
2025-09-23 21:20:00,2.8387,2.8385176895031385,0,0.31,1,0.2571599675908143
2025-09-23 21:25:00,2.846,2.844402340218847,0,0.33,1,0.1229796205200139
2025-09-23 21:30:00,2.8495,2.848529826012048,0,0.43,1,0.0842253026846817
2025-09-23 21:35:00,2.8519,2.85128657161296,0,0.48,1,0.1683088467337556
2025-09-23 21:40:00,2.8567,2.855587337095994,0,0.62,0,-0.2100325550460358
2025-09-23 21:45:00,2.8507,2.850620880685243,0,0.63,1,0.0140316413512531
2025-09-23 21:50:00,2.8511,2.8505038994799223,0,0.42,0,-0.1438041457683114
2025-09-23 21:55:00,2.847,2.8463563677236463,0,0.4,0,-0.0983491394450308
2025-09-23 22:00:00,2.8442,2.8448910733187764,0,0.35,1,0.0105477814499765
2025-09-23 22:05:00,2.8445,2.844468044620921,0,0.37,0,-0.0703111267358114
2025-09-23 22:10:00,2.8425,2.843046288473241,0,0.46,0,-0.1160949868073801
2025-09-23 22:15:00,2.8392,2.838320248768459,0,0.46,1,0.0140884756269388
2025-09-23 22:20:00,2.8396,2.839683459259453,0,0.54,0,-0.1514297788420826
2025-09-23 22:25:00,2.8353,2.836319082599751,0,0.47,1,0.2186717454943032
2025-09-23 22:30:00,2.8415,2.841716788827622,0,0.47,1,0.017596339961301
2025-09-23 22:35:00,2.842,2.8427485239400534,0,0.52,0,-0.0879662209711473
2025-09-23 22:40:00,2.8395,2.839677277515665,0,0.51,0,-0.0810001760873424
2025-09-23 22:45:00,2.8372,2.83718095642442,0,0.46,0,-0.1163118567601984
2025-09-23 22:50:00,2.8339,2.83436598668671,0,0.42,1,0.0141148240940136
2025-09-23 22:55:00,2.8343,2.8349448228200465,0,0.48,0,-0.2469745616201391
2025-09-23 23:00:00,2.8273,2.8278883027228767,0,0.52,1,0.1874579987974245
2025-09-23 23:05:00,2.8326,2.833151526182525,0,0.49,0,-0.2082892042646222
2025-09-23 23:10:00,2.8267,2.827470306116341,0,0.62,0,-0.1379700711076625
2025-09-23 23:15:00,2.8228,2.823131015172018,0,0.57,0,-0.0991922913419318
2025-09-23 23:20:00,2.82,2.819389928002997,0,0.52,0,-0.0460992907801327
2025-09-23 23:25:00,2.8187,2.819717763126219,0,0.53,1,0.280271046936531
2025-09-23 23:30:00,2.8266,2.8222938891367586,0,0.54,1,0.1592018679685836
2025-09-23 23:35:00,2.8311,2.830376859963366,0,0.44,0,-0.0883048991558221
2025-09-23 23:40:00,2.8286,2.8281358881834824,0,0.48,1,0.0742416743265472
2025-09-23 23:45:00,2.8307,2.830173900359138,0,0.5,0,-0.1130462429787759
2025-09-23 23:50:00,2.8275,2.8265670390854862,0,0.5,0,-0.1485411140583536
2025-09-23 23:55:00,2.8233,2.8224936488493904,0,0.5,1,0.0389614989551034
2025-09-24 00:00:00,2.8244,2.8229960230046234,0,0.46,0,-0.1203795496388493
2025-09-24 00:05:00,2.821,2.8202972853120687,0,0.44,1,0.2977667493796465
2025-09-24 00:10:00,2.8294,2.8283547288530166,0,0.46,1,0.197921820880742
2025-09-24 00:15:00,2.835,2.833130473674915,0,0.43,1,0.088183421516752
2025-09-24 00:20:00,2.8375,2.8362830635604115,0,0.6,0,-0.0140969162995552
2025-09-24 00:25:00,2.8371,2.8362304879797287,0,0.62,0,-0.2643544464417835
2025-09-24 00:30:00,2.8296,2.8287094624817057,0,0.47,1,0.1554990104608355
2025-09-24 00:35:00,2.834,2.831900810087925,0,0.42,0,-0.0705716302046632
2025-09-24 00:40:00,2.832,2.831252604790471,0,0.38,0,-0.0317796610169396
2025-09-24 00:45:00,2.8311,2.8301442075950263,0,0.4,0,-0.0423863515947919
2025-09-24 00:50:00,2.8299,2.828959680330586,0,0.48,0,-0.1024771193328333
2025-09-24 00:55:00,2.827,2.8265776111045104,0,0.45,1,0.0459851432614177
2025-09-24 01:00:00,2.8283,2.8272884135619374,0,0.48,1,0.0282855425520534
2025-09-24 01:05:00,2.8291,2.829073007311311,0,0.48,1,0.0565550881906018
2025-09-24 01:10:00,2.8307,2.830086647047892,0,0.45,1,0.0247288656515909
2025-09-24 01:15:00,2.8314,2.830369700001659,0,0.47,1,0.0847637211273566
2025-09-24 01:20:00,2.8338,2.8333055392612247,0,0.46,1,0.1270378996400589
2025-09-24 01:25:00,2.8374,2.836689037125425,0,0.44,0,-0.0775357721858105
2025-09-24 01:30:00,2.8352,2.834708104161542,0,0.4,1,0.1269751693002252
2025-09-24 01:35:00,2.8388,2.838473136101379,0,0.5,0,-0.1690855290968018
2025-09-24 01:40:00,2.834,2.8340751577641443,0,0.46,1,0.2081863091037306
2025-09-24 01:45:00,2.8399,2.839750417996429,0,0.52,1,0.0211275044895931
2025-09-24 01:50:00,2.8405,2.840085904316368,0,0.46,0,-0.0211230417180074
2025-09-24 01:55:00,2.8399,2.840848681615217,0,0.48,0,-0.0633825134687904
2025-09-24 02:00:00,2.8381,2.8381768145636217,0,0.47,0,-0.0458052922729823
2025-09-24 02:05:00,2.8368,2.837212567280833,0,0.43,0,-0.3102086858432162
2025-09-24 02:10:00,2.828,2.8278185311390254,0,0.42,0,-0.1697312588401667
2025-09-24 02:15:00,2.8232,2.8228948848348003,0,0.53,1,0.0779257580051151
2025-09-24 02:20:00,2.8254,2.825686983674905,0,0.41,0,-0.0460111842570998
2025-09-24 02:25:00,2.8241,2.8246576235615914,0,0.4,0,-0.0885237774866265
2025-09-24 02:30:00,2.8216,2.821610430665162,0,0.44,1,0.060249503827614
2025-09-24 02:35:00,2.8233,2.823658731307711,0,0.44,1,0.0708390890093113
2025-09-24 02:40:00,2.8253,2.825153323669444,0,0.4,0,-0.0035394471383454
2025-09-24 02:45:00,2.8252,2.8254836440508093,0,0.46,0,-0.1026476001699139
2025-09-24 02:50:00,2.8223,2.822574680562108,0,0.41,1,0.2125925663466032
2025-09-24 02:55:00,2.8283,2.8272900229248106,0,0.38,1,0.1767846409503892
2025-09-24 03:00:00,2.8333,2.830909966567737,0,0.25,0,-0.3352980623301471
2025-09-24 03:05:00,2.8238,2.8221389324686945,0,0.25,1,0.1026984913945927
2025-09-24 03:10:00,2.8267,2.823609469498904,0,0.28,0,-0.0955177415360775
2025-09-24 03:15:00,2.824,2.822530846120139,0,0.38,0,-0.2230878186968876
2025-09-24 03:20:00,2.8177,2.817721032120655,0,0.45,0,-0.2235866131951591
2025-09-24 03:25:00,2.8114,2.8093635107484256,0,0.49,1,0.1067084015081487
2025-09-24 03:30:00,2.8144,2.814865883733158,0,0.43,1,0.0568504832290983
2025-09-24 03:35:00,2.816,2.814510008966211,0,0.48,0,-0.0355113636363646
2025-09-24 03:40:00,2.815,2.815186640747517,0,0.45,0,-0.1563055062166918
2025-09-24 03:45:00,2.8106,2.8093094853763443,0,0.49,1,0.0925069380203646
2025-09-24 03:50:00,2.8132,2.8125766018153886,0,0.49,1,0.0071093416749601
2025-09-24 03:55:00,2.8134,2.8133200609868005,0,0.49,0,-0.3305608871827736
2025-09-24 04:00:00,2.8041,2.8038032416825427,0,0.62,1,0.0285296530081025
2025-09-24 04:05:00,2.8049,2.8078691214115743,0,0.68,0,-0.0427822738778504
2025-09-24 04:10:00,2.8037,2.7581742383946803,1,0.7,0,0.0
2025-09-24 04:15:00,2.8037,2.805479542214361,1,0.8,0,-0.078467739059107
2025-09-24 04:20:00,2.8015,2.80395417646151,1,0.87,1,0.7781545600571205
2025-09-24 04:25:00,2.8233,2.8253954453832413,1,0.74,1,0.4710799419119338
2025-09-24 04:30:00,2.8366,2.83850594422598,0,0.67,1,0.3137559049566363
2025-09-24 04:35:00,2.8455,2.8458035892555054,0,0.53,0,-0.0773150588648685
2025-09-24 04:40:00,2.8433,2.8445447448565915,0,0.52,0,-0.1336475222452837
2025-09-24 04:45:00,2.8395,2.8411488567959817,0,0.52,1,0.0528262017960967
2025-09-23 12:20:00,2.8537,2.8543871301525985,0,0.51,1,0.0841013421172487
2025-09-23 12:25:00,2.8561,2.85628210965842,0,0.33,1,0.0945345050943569
2025-09-23 12:30:00,2.8588,2.8580975921853007,0,0.38,1,0.1748985588358786
2025-09-23 12:35:00,2.8638,2.861995757050068,0,0.2,1,0.1361826943222288
2025-09-23 12:40:00,2.8677,2.86495946938592,0,0.16,0,-0.0488196115353889
2025-09-23 12:45:00,2.8663,2.864505305935691,0,0.4,0,-0.0976869134424074
2025-09-23 12:50:00,2.8635,2.8613078696206737,0,0.11,1,0.0104766893661567
2025-09-23 12:55:00,2.8638,2.861709369092799,0,0.25,0,-0.1780850618059992
2025-09-23 13:00:00,2.8587,2.857731993351301,0,0.33,1,0.0804561513975121
2025-09-23 13:05:00,2.861,2.8600467427671474,0,0.46,0,-0.059419783292558
2025-09-23 13:10:00,2.8593,2.8584646816558053,0,0.5,0,-0.0944287063267323
2025-09-23 13:15:00,2.8566,2.8564589968861367,0,0.57,1,0.0420079815165008
2025-09-23 13:20:00,2.8578,2.857660408794974,0,0.58,1,0.1119742459234407
2025-09-23 13:25:00,2.861,2.860705661454481,0,0.36,1,0.1188395665850938
2025-09-23 13:30:00,2.8644,2.862856189709524,0,0.27,0,-0.0872783130847598
2025-09-23 13:35:00,2.8619,2.860337957500673,0,0.25,0,-0.0943429190397915
2025-09-23 13:40:00,2.8592,2.858330530775574,0,0.42,0,-0.0629546726356955
2025-09-23 13:45:00,2.8574,2.857551364485467,0,0.47,0,-0.0489955903968719
2025-09-23 13:50:00,2.856,2.855686864530527,0,0.53,1,0.0805322128851537
2025-09-23 13:55:00,2.8583,2.8576811631489,0,0.52,1,0.2449008151698573
2025-09-23 14:00:00,2.8653,2.8632714538928337,0,0.33,1,0.2757128398422681
2025-09-23 14:05:00,2.8732,2.8718895375468363,0,0.49,0,-0.16358067659753
2025-09-23 14:10:00,2.8685,2.865975113679569,0,0.4,0,-0.128987275579584
2025-09-23 14:15:00,2.8648,2.862383080876602,0,0.13,0,-0.1466070929907803
2025-09-23 14:20:00,2.8606,2.858676881426087,0,0.23,1,0.066419632244985
2025-09-23 14:25:00,2.8625,2.861001687758544,0,0.25,0,-0.1956331877729145
2025-09-23 14:30:00,2.8569,2.856164045035011,0,0.45,1,0.1015086282333932
2025-09-23 14:35:00,2.8598,2.8616234230825737,0,0.6,1,0.1083991887544488
2025-09-23 14:40:00,2.8629,2.862085288137139,0,0.34,0,-0.094309965419681
2025-09-23 14:45:00,2.8602,2.858785089512552,0,0.25,1,0.1643241731347444
2025-09-23 14:50:00,2.8649,2.8633073231954493,0,0.26,0,-0.0872630807357999
2025-09-23 14:55:00,2.8624,2.859858121766483,0,0.16,1,0.0384292901062011
2025-09-23 15:00:00,2.8635,2.861305047319296,0,0.27,1,0.1990570979570449
2025-09-23 15:05:00,2.8692,2.867842930084571,0,0.2,1,0.0731911334169721
2025-09-23 15:10:00,2.8713,2.869145170451818,0,0.27,0,0.0
2025-09-23 15:15:00,2.8713,2.8694333943589605,0,0.13,1,0.243792010587529
2025-09-23 15:20:00,2.8783,2.876698512940792,0,0.39,0,-0.1528680123684123
2025-09-23 15:25:00,2.8739,2.871033030751903,0,0.15,1,0.0452346984933349
2025-09-23 15:30:00,2.8752,2.873276486903321,0,0.21,1,0.1217306622147917
2025-09-23 15:35:00,2.8787,2.8753202996974827,0,0.26,0,-0.0590544342932597
2025-09-23 15:40:00,2.877,2.874828834028698,0,0.16,0,-0.0799443865137305
2025-09-23 15:45:00,2.8747,2.8736568199383696,0,0.34,1,0.045222110133225
2025-09-23 15:50:00,2.876,2.8738610344254862,0,0.27,0,-0.0312934631432448
2025-09-23 15:55:00,2.8751,2.8728854467025315,0,0.32,0,-0.1878195541024752
2025-09-23 16:00:00,2.8697,2.8681104550333454,0,0.3,0,-0.1428720772206126
2025-09-23 16:05:00,2.8656,2.863135026508476,0,0.25,1,0.1535455053043088
2025-09-23 16:10:00,2.87,2.8684291055758133,0,0.27,1,0.0801393728222965
2025-09-23 16:15:00,2.8723,2.870932183643721,0,0.24,1,0.0487414267311914
2025-09-23 16:20:00,2.8737,2.871889049944297,0,0.16,1,0.1252740369558358
2025-09-23 16:25:00,2.8773,2.875047639329636,0,0.13,1,0.1007889340701284
2025-09-23 16:30:00,2.8802,2.878635117319852,0,0.37,0,-0.0555516977987613
2025-09-23 16:35:00,2.8786,2.818812831552752,0,0.22,0,-0.0521086639338586
2025-09-23 16:40:00,2.8771,2.874610980019968,0,0.13,1,0.2015918807132033
2025-09-23 16:45:00,2.8829,2.880383383168155,0,0.11,1,0.2705608935446912
2025-09-23 16:50:00,2.8907,2.8882697198014715,0,0.39,0,-0.1798872245476812
2025-09-23 16:55:00,2.8855,2.882122135497254,0,0.12,0,-0.3119043493328699
2025-09-23 17:00:00,2.8765,2.874714839312797,0,0.25,1,0.0278115765687481
2025-09-23 17:05:00,2.8773,2.8749298187186683,0,0.13,0,-0.069509609703533
2025-09-23 17:10:00,2.8753,2.8737661192499937,0,0.26,0,-0.0834695510033789
2025-09-23 17:15:00,2.8729,2.8711436042689424,0,0.26,0,-0.0800584774966028
2025-09-23 17:20:00,2.8706,2.8689053702719955,0,0.26,0,-0.0975405838500753
2025-09-23 17:25:00,2.8678,2.866956191293495,0,0.26,1,0.0453309156845049
2025-09-23 17:30:00,2.8691,2.868492222602596,0,0.28,0,-0.3555121815203343
2025-09-23 17:35:00,2.8589,2.858783996915942,0,0.37,0,-0.1364161040959932
2025-09-23 17:40:00,2.855,2.8555543746763874,0,0.57,1,0.0175131348511436
2025-09-23 17:45:00,2.8555,2.8564001245066843,0,0.44,0,-0.2556469970232955
2025-09-23 17:50:00,2.8482,2.8470942461943243,0,0.44,0,-0.0245769257776751
2025-09-23 17:55:00,2.8475,2.847227729708663,0,0.45,0,-0.2352941176470557
2025-09-23 18:00:00,2.8408,2.84048768649098,0,0.6,1,0.3696141931850194
2025-09-23 18:05:00,2.8513,2.8515796886197218,0,0.36,1,0.0385788938378928
2025-09-23 18:10:00,2.8524,2.8529139438226525,0,0.4,0,-0.1332211471041899
2025-09-23 18:15:00,2.8486,2.848470363485573,0,0.39,0,-0.0772309204521426
2025-09-23 18:20:00,2.8464,2.846866391213123,0,0.34,0,-0.0737774030354132
2025-09-23 18:25:00,2.8443,2.842781745955944,0,0.41,1,0.1933691945294136
2025-09-23 18:30:00,2.8498,2.8522868070688974,0,0.52,0,-0.1789599270124231
2025-09-23 18:35:00,2.8447,2.845371644530243,0,0.37,1,0.0070306183428847
2025-09-23 18:40:00,2.8449,2.846280233546908,0,0.43,0,-0.084361488980289
2025-09-23 18:45:00,2.8425,2.8435164164722413,0,0.44,0,-0.0035180299032488
2025-09-23 18:50:00,2.8424,2.844196362229366,0,0.54,1,0.073881227132011
2025-09-23 18:55:00,2.8445,2.8455766448334296,0,0.47,1,0.4288978730884185
2025-09-23 19:00:00,2.8567,2.8563806864713883,0,0.51,1,0.1330206181958226
2025-09-23 19:05:00,2.8605,2.8593145014011268,0,0.52,1,0.0804055235098744
2025-09-23 19:10:00,2.8628,2.8619349397254576,0,0.54,1,0.1886265194914083
2025-09-23 19:15:00,2.8682,2.8667501690411306,0,0.49,0,-0.083676173209668
2025-09-23 19:20:00,2.8658,2.864267484254015,0,0.51,0,-0.07327796775769
2025-09-23 19:25:00,2.8637,2.862593218335419,0,0.39,0,-0.066347731955163
2025-09-23 19:30:00,2.8618,2.8601373020888947,0,0.42,0,-0.0594031728282873
2025-09-23 19:35:00,2.8601,2.858753470724423,0,0.5,0,-0.1818118247613687
2025-09-23 19:40:00,2.8549,2.853635879049832,0,0.41,0,-0.1541209849732161
2025-09-23 19:45:00,2.8505,2.850044445350972,0,0.39,1,0.0420978775653502
2025-09-23 19:50:00,2.8517,2.850576373848385,0,0.35,0,0.0
2025-09-23 19:55:00,2.8517,2.8514574157287145,0,0.41,0,-0.0526002033874539
2025-09-23 20:00:00,2.8502,2.850567585713805,0,0.42,0,-0.0596449371973895
2025-09-23 20:05:00,2.8485,2.8482650493982056,0,0.37,1,0.0421274354923673
2025-09-23 20:10:00,2.8497,2.849245268775628,0,0.41,0,-0.1614205004035529
2025-09-23 20:15:00,2.8451,2.8433197467123903,0,0.32,0,-0.175740747249653
2025-09-23 20:20:00,2.8401,2.839708961100949,0,0.36,1,0.0774620611950105
2025-09-23 20:25:00,2.8423,2.843262822338556,0,0.46,1,0.01759138725681
2025-09-23 20:30:00,2.8428,2.8438214410332003,0,0.42,1,0.3588011819333214
2025-09-23 20:35:00,2.853,2.853676422290534,0,0.42,0,-0.0736067297581466
2025-09-23 20:40:00,2.8509,2.851668010183891,0,0.46,0,-0.1192605843768679
2025-09-23 20:45:00,2.8475,2.847126115128231,0,0.45,0,-0.0491659350307371
2025-09-23 20:50:00,2.8461,2.845343048386816,0,0.39,1,0.2775728189452264
2025-09-23 20:55:00,2.854,2.8529072666597823,0,0.51,0,-0.1226348983882408
2025-09-23 21:00:00,2.8505,2.8491860440540115,0,0.39,0,-0.1648833537975735
2025-09-23 21:05:00,2.8458,2.844989524365419,0,0.3,0,-0.0632511068943797
2025-09-23 21:10:00,2.844,2.8427428403272645,0,0.32,0,-0.1898734177215089
2025-09-23 21:15:00,2.8386,2.8378226290379787,0,0.35,1,0.0035228633833428
2025-09-23 21:20:00,2.8387,2.838599124104116,0,0.36,1,0.2571599675908143
2025-09-23 21:25:00,2.846,2.8449022729957463,0,0.32,1,0.1229796205200139
2025-09-23 21:30:00,2.8495,2.84893165035314,0,0.41,1,0.0842253026846817
2025-09-23 21:35:00,2.8519,2.8511362176342945,0,0.5,1,0.1683088467337556
2025-09-23 21:40:00,2.8567,2.8557832686830165,0,0.55,0,-0.2100325550460358
2025-09-23 21:45:00,2.8507,2.8504549211313552,0,0.57,1,0.0140316413512531
2025-09-23 21:50:00,2.8511,2.850103017981156,0,0.36,0,-0.1438041457683114
2025-09-23 21:55:00,2.847,2.8463577648379794,0,0.31,0,-0.0983491394450308
2025-09-23 22:00:00,2.8442,2.844636721637111,0,0.34,1,0.0105477814499765
2025-09-23 22:05:00,2.8445,2.844034262243605,0,0.37,0,-0.0703111267358114
2025-09-23 22:10:00,2.8425,2.842745436608648,0,0.45,0,-0.1160949868073801
2025-09-23 22:15:00,2.8392,2.8382550333983767,0,0.43,1,0.0140884756269388
2025-09-23 22:20:00,2.8396,2.839480805152007,0,0.55,0,-0.1514297788420826
2025-09-23 22:25:00,2.8353,2.83650762105051,0,0.39,1,0.2186717454943032
2025-09-23 22:30:00,2.8415,2.8415479200378035,0,0.48,1,0.017596339961301
2025-09-23 22:35:00,2.842,2.8431999494570634,0,0.48,0,-0.0879662209711473
2025-09-23 22:40:00,2.8395,2.8393969736688613,0,0.53,0,-0.0810001760873424
2025-09-23 22:45:00,2.8372,2.83697644579734,0,0.54,0,-0.1163118567601984
2025-09-23 22:50:00,2.8339,2.834558951866847,0,0.43,1,0.0141148240940136
2025-09-23 22:55:00,2.8343,2.834755729087185,0,0.48,0,-0.2469745616201391
2025-09-23 23:00:00,2.8273,2.827779488716404,0,0.44,1,0.1874579987974245
2025-09-23 23:05:00,2.8326,2.8330464555305714,0,0.47,0,-0.2082892042646222
2025-09-23 23:10:00,2.8267,2.827876179984557,0,0.57,0,-0.1379700711076625
2025-09-23 23:15:00,2.8228,2.8231817837069944,0,0.57,0,-0.0991922913419318
2025-09-23 23:20:00,2.82,2.8187923064247524,0,0.49,0,-0.0460992907801327
2025-09-23 23:25:00,2.8187,2.819202231501844,0,0.53,1,0.280271046936531
2025-09-23 23:30:00,2.8266,2.822878500586466,0,0.55,1,0.1592018679685836
2025-09-23 23:35:00,2.8311,2.830726485204479,0,0.48,0,-0.0883048991558221
2025-09-23 23:40:00,2.8286,2.827945452452358,0,0.55,1,0.0742416743265472
2025-09-23 23:45:00,2.8307,2.830285763278154,0,0.47,0,-0.1130462429787759
2025-09-23 23:50:00,2.8275,2.8266793712116542,0,0.46,0,-0.1485411140583536
2025-09-23 23:55:00,2.8233,2.8225522312117817,0,0.57,1,0.0389614989551034
2025-09-24 00:00:00,2.8244,2.8229275697061302,0,0.51,0,-0.1203795496388493
2025-09-24 00:05:00,2.821,2.8202806955710185,0,0.49,1,0.2977667493796465
2025-09-24 00:10:00,2.8294,2.828310393548437,0,0.41,1,0.197921820880742
2025-09-24 00:15:00,2.835,2.833792448177132,0,0.44,1,0.088183421516752
2025-09-24 00:20:00,2.8375,2.8359952659508707,0,0.63,0,-0.0140969162995552
2025-09-24 00:25:00,2.8371,2.836252362199765,0,0.63,0,-0.2643544464417835
2025-09-24 00:30:00,2.8296,2.82878189972133,0,0.48,1,0.1554990104608355
2025-09-24 00:35:00,2.834,2.8319058082735924,0,0.39,0,-0.0705716302046632
2025-09-24 00:40:00,2.832,2.831109826421476,0,0.37,0,-0.0317796610169396
2025-09-24 00:45:00,2.8311,2.830480402312027,0,0.43,0,-0.0423863515947919
2025-09-24 00:50:00,2.8299,2.828789775349482,0,0.5,0,-0.1024771193328333
2025-09-24 00:55:00,2.827,2.826303757405767,0,0.39,1,0.0459851432614177
2025-09-24 01:00:00,2.8283,2.8274606613241025,0,0.51,1,0.0282855425520534
2025-09-24 01:05:00,2.8291,2.82863877687607,0,0.43,1,0.0565550881906018
2025-09-24 01:10:00,2.8307,2.8299842228014573,0,0.38,1,0.0247288656515909
2025-09-24 01:15:00,2.8314,2.830268014974972,0,0.46,1,0.0847637211273566
2025-09-24 01:20:00,2.8338,2.834204554301135,0,0.4,1,0.1270378996400589
2025-09-24 01:25:00,2.8374,2.8366699945581613,0,0.38,0,-0.0775357721858105
2025-09-24 01:30:00,2.8352,2.834917766305361,0,0.31,1,0.1269751693002252
2025-09-24 01:35:00,2.8388,2.8387124968577835,0,0.43,0,-0.1690855290968018
2025-09-24 01:40:00,2.834,2.833757391523956,0,0.42,1,0.2081863091037306
2025-09-24 01:45:00,2.8399,2.840011765288395,0,0.44,1,0.0211275044895931
2025-09-24 01:50:00,2.8405,2.8399407024068664,0,0.49,0,-0.0211230417180074
2025-09-24 01:55:00,2.8399,2.8403824794989894,0,0.51,0,-0.0633825134687904
2025-09-24 02:00:00,2.8381,2.838059984933567,0,0.48,0,-0.0458052922729823
2025-09-24 02:05:00,2.8368,2.836987464145048,0,0.5,0,-0.3102086858432162
2025-09-24 02:10:00,2.828,2.828471640893944,0,0.45,0,-0.1697312588401667
2025-09-24 02:15:00,2.8232,2.823357597358375,0,0.52,1,0.0779257580051151
2025-09-24 02:20:00,2.8254,2.826072552558329,0,0.42,0,-0.0460111842570998
2025-09-24 02:25:00,2.8241,2.825069618094377,0,0.4,0,-0.0885237774866265
2025-09-24 02:30:00,2.8216,2.821757298100327,0,0.43,1,0.060249503827614
2025-09-24 02:35:00,2.8233,2.822955181082603,0,0.42,1,0.0708390890093113
2025-09-24 02:40:00,2.8253,2.825068491290984,0,0.34,0,-0.0035394471383454
2025-09-24 02:45:00,2.8252,2.8251773669932114,0,0.34,0,-0.1026476001699139
2025-09-24 02:50:00,2.8223,2.8227204657343417,0,0.39,1,0.2125925663466032
2025-09-24 02:55:00,2.8283,2.8270328610984703,0,0.28,1,0.1767846409503892
2025-09-24 03:00:00,2.8333,2.831316085006187,0,0.2,0,-0.3352980623301471
2025-09-24 03:05:00,2.8238,2.8222142009763096,0,0.2,1,0.1026984913945927
2025-09-24 03:10:00,2.8267,2.823697917703328,0,0.29,0,-0.0955177415360775
2025-09-24 03:15:00,2.824,2.823033138491981,0,0.35,0,-0.2230878186968876
2025-09-24 03:20:00,2.8177,2.817637433965389,0,0.42,0,-0.2235866131951591
2025-09-24 03:25:00,2.8114,2.8090072264493164,0,0.5,1,0.1067084015081487
2025-09-24 03:30:00,2.8144,2.815096437000226,0,0.48,1,0.0568504832290983
2025-09-24 03:35:00,2.816,2.813938501777613,0,0.5,0,-0.0355113636363646
2025-09-24 03:40:00,2.815,2.8160431415631533,0,0.47,0,-0.1563055062166918
2025-09-24 03:45:00,2.8106,2.809396669708768,0,0.48,1,0.0925069380203646
2025-09-24 03:50:00,2.8132,2.8127212208179664,0,0.44,1,0.0071093416749601
2025-09-24 03:55:00,2.8134,2.8132852119006504,0,0.52,0,-0.3305608871827736
2025-09-24 04:00:00,2.8041,2.803747569442401,0,0.58,1,0.0285296530081025
2025-09-24 04:05:00,2.8049,2.80798814690178,0,0.66,0,-0.0427822738778504
2025-09-24 04:10:00,2.8037,2.75602027067106,0,0.67,0,0.0
2025-09-24 04:15:00,2.8037,2.80549496805376,1,0.83,0,-0.078467739059107
2025-09-24 04:20:00,2.8015,2.804155581131002,1,0.84,1,0.7781545600571205
2025-09-24 04:25:00,2.8233,2.825328061632513,1,0.71,1,0.4710799419119338
2025-09-24 04:30:00,2.8366,2.838182816055771,0,0.67,1,0.3137559049566363
2025-09-24 04:35:00,2.8455,2.845730957327801,0,0.49,0,-0.0773150588648685
2025-09-24 04:40:00,2.8433,2.844466821162112,0,0.42,0,-0.1336475222452837
2025-09-24 04:45:00,2.8395,2.8407927203816223,0,0.46,1,0.0528262017960967
2025-09-24 04:50:00,2.841,2.8416752514310253,0,0.56,0,-0.0633579725448862
2025-09-24 04:55:00,2.8392,2.839547496204549,0,0.42,0,-0.0140884756269388
2025-09-23 12:40:00,2.8677,2.8659304083524697,0,0.25,0,-0.0488196115353889
2025-09-23 12:45:00,2.8663,2.8654167441966965,0,0.42,0,-0.0976869134424074
2025-09-23 12:50:00,2.8635,2.862846228406353,0,0.3,1,0.0104766893661567
2025-09-23 12:55:00,2.8638,2.8624275945192466,0,0.3,0,-0.1780850618059992
2025-09-23 13:00:00,2.8587,2.857830336342804,0,0.34,1,0.0804561513975121
2025-09-23 13:05:00,2.861,2.8599843958824427,0,0.45,0,-0.059419783292558
2025-09-23 13:10:00,2.8593,2.8583328664819505,0,0.63,0,-0.0944287063267323
2025-09-23 13:15:00,2.8566,2.8573601634341146,1,0.7,1,0.0420079815165008
2025-09-23 13:20:00,2.8578,2.858551471439898,1,0.78,1,0.1119742459234407
2025-09-23 13:25:00,2.861,2.8615974378256213,0,0.52,1,0.1188395665850938
2025-09-23 13:30:00,2.8644,2.862803535830438,0,0.43,0,-0.0872783130847598
2025-09-23 13:35:00,2.8619,2.8604640068011697,0,0.37,0,-0.0943429190397915
2025-09-23 13:40:00,2.8592,2.858281138012758,0,0.39,0,-0.0629546726356955
2025-09-23 13:45:00,2.8574,2.8579998395185813,0,0.47,0,-0.0489955903968719
2025-09-23 13:50:00,2.856,2.855766479630892,0,0.57,1,0.0805322128851537
2025-09-23 13:55:00,2.8583,2.85794011673246,0,0.61,1,0.2449008151698573
2025-09-23 14:00:00,2.8653,2.8641459472788844,0,0.37,1,0.2757128398422681
2025-09-23 14:05:00,2.8732,2.871891877277029,0,0.46,0,-0.16358067659753
2025-09-23 14:10:00,2.8685,2.866596284676086,0,0.41,0,-0.128987275579584
2025-09-23 14:15:00,2.8648,2.862936515632327,0,0.1,0,-0.1466070929907803
2025-09-23 14:20:00,2.8606,2.8594245498888005,0,0.32,1,0.066419632244985
2025-09-23 14:25:00,2.8625,2.8615214299129152,0,0.27,0,-0.1956331877729145
2025-09-23 14:30:00,2.8569,2.856559352921073,0,0.46,1,0.1015086282333932
2025-09-23 14:35:00,2.8598,2.861051017837092,0,0.57,1,0.1083991887544488
2025-09-23 14:40:00,2.8629,2.8613594272608505,0,0.35,0,-0.094309965419681
2025-09-23 14:45:00,2.8602,2.858766853307385,0,0.29,1,0.1643241731347444
2025-09-23 14:50:00,2.8649,2.8636759206798854,0,0.35,0,-0.0872630807357999
2025-09-23 14:55:00,2.8624,2.8611200365530074,0,0.15,1,0.0384292901062011
2025-09-23 15:00:00,2.8635,2.8625796519260063,0,0.3,1,0.1990570979570449
2025-09-23 15:05:00,2.8692,2.868178729835389,0,0.26,1,0.0731911334169721
2025-09-23 15:10:00,2.8713,2.8700636312477634,0,0.3,0,0.0
2025-09-23 15:15:00,2.8713,2.8695665451192887,0,0.16,1,0.243792010587529
2025-09-23 15:20:00,2.8783,2.876895895942768,0,0.33,0,-0.1528680123684123
2025-09-23 15:25:00,2.8739,2.871870719922319,0,0.17,1,0.0452346984933349
2025-09-23 15:30:00,2.8752,2.8734748659319247,0,0.23,1,0.1217306622147917
2025-09-23 15:35:00,2.8787,2.8753581553217846,0,0.3,0,-0.0590544342932597
2025-09-23 15:40:00,2.877,2.8749009735654663,0,0.19,0,-0.0799443865137305
2025-09-23 15:45:00,2.8747,2.873427477741665,0,0.28,1,0.045222110133225
2025-09-23 15:50:00,2.876,2.873744867193632,0,0.18,0,-0.0312934631432448
2025-09-23 15:55:00,2.8751,2.8730427289577745,0,0.29,0,-0.1878195541024752
2025-09-23 16:00:00,2.8697,2.8685208547928287,0,0.27,0,-0.1428720772206126
2025-09-23 16:05:00,2.8656,2.8639351624418645,0,0.32,1,0.1535455053043088
2025-09-23 16:10:00,2.87,2.868990116403785,0,0.26,1,0.0801393728222965
2025-09-23 16:15:00,2.8723,2.871372246431766,0,0.2,1,0.0487414267311914
2025-09-23 16:20:00,2.8737,2.8717155728937933,0,0.18,1,0.1252740369558358
2025-09-23 16:25:00,2.8773,2.875274411154268,0,0.16,1,0.1007889340701284
2025-09-23 16:30:00,2.8802,2.878305625746998,0,0.33,0,-0.0555516977987613
2025-09-23 16:35:00,2.8786,2.819366123424286,0,0.34,0,-0.0521086639338586
2025-09-23 16:40:00,2.8771,2.874560929306273,0,0.16,1,0.2015918807132033
2025-09-23 16:45:00,2.8829,2.8808451275026274,0,0.15,1,0.2705608935446912
2025-09-23 16:50:00,2.8907,2.887643848144924,0,0.35,0,-0.1798872245476812
2025-09-23 16:55:00,2.8855,2.882331472961742,0,0.15,0,-0.3119043493328699
2025-09-23 17:00:00,2.8765,2.8747438775682777,0,0.22,1,0.0278115765687481
2025-09-23 17:05:00,2.8773,2.8749986122789664,0,0.15,0,-0.069509609703533
2025-09-23 17:10:00,2.8753,2.873729508594987,0,0.3,0,-0.0834695510033789
2025-09-23 17:15:00,2.8729,2.8704680804765847,0,0.33,0,-0.0800584774966028
2025-09-23 17:20:00,2.8706,2.868669430160676,0,0.29,0,-0.0975405838500753
2025-09-23 17:25:00,2.8678,2.867104644604153,0,0.29,1,0.0453309156845049
2025-09-23 17:30:00,2.8691,2.8686122267782515,0,0.31,0,-0.3555121815203343
2025-09-23 17:35:00,2.8589,2.858966520698332,0,0.43,0,-0.1364161040959932
2025-09-23 17:40:00,2.855,2.855234437397084,0,0.54,1,0.0175131348511436
2025-09-23 17:45:00,2.8555,2.856134483001012,0,0.4,0,-0.2556469970232955
2025-09-23 17:50:00,2.8482,2.846858594164788,0,0.35,0,-0.0245769257776751
2025-09-23 17:55:00,2.8475,2.8467960100123406,0,0.44,0,-0.2352941176470557
2025-09-23 18:00:00,2.8408,2.8403295196955427,0,0.65,1,0.3696141931850194
2025-09-23 18:05:00,2.8513,2.851400726558745,0,0.42,1,0.0385788938378928
2025-09-23 18:10:00,2.8524,2.852493408093745,0,0.45,0,-0.1332211471041899
2025-09-23 18:15:00,2.8486,2.8486364764018406,0,0.38,0,-0.0772309204521426
2025-09-23 18:20:00,2.8464,2.8465214202021767,0,0.42,0,-0.0737774030354132
2025-09-23 18:25:00,2.8443,2.8417868646400866,0,0.45,1,0.1933691945294136
2025-09-23 18:30:00,2.8498,2.8518429255317512,0,0.5,0,-0.1789599270124231
2025-09-23 18:35:00,2.8447,2.845019325781573,0,0.44,1,0.0070306183428847
2025-09-23 18:40:00,2.8449,2.8452938831271832,0,0.46,0,-0.084361488980289
2025-09-23 18:45:00,2.8425,2.843256841058079,0,0.49,0,-0.0035180299032488
2025-09-23 18:50:00,2.8424,2.844444278108469,0,0.5,1,0.073881227132011
2025-09-23 18:55:00,2.8445,2.845934305031509,0,0.43,1,0.4288978730884185
2025-09-23 19:00:00,2.8567,2.8550521676602605,0,0.5,1,0.1330206181958226
2025-09-23 19:05:00,2.8605,2.8590536237827435,0,0.41,1,0.0804055235098744
2025-09-23 19:10:00,2.8628,2.861389046546372,0,0.49,1,0.1886265194914083
2025-09-23 19:15:00,2.8682,2.86709962832809,0,0.49,0,-0.083676173209668
2025-09-23 19:20:00,2.8658,2.864228147812133,0,0.42,0,-0.07327796775769
2025-09-23 19:25:00,2.8637,2.862919668457536,0,0.32,0,-0.066347731955163
2025-09-23 19:30:00,2.8618,2.860540177534288,0,0.43,0,-0.0594031728282873
2025-09-23 19:35:00,2.8601,2.859574178821382,0,0.57,0,-0.1818118247613687
2025-09-23 19:40:00,2.8549,2.853209295577825,0,0.51,0,-0.1541209849732161
2025-09-23 19:45:00,2.8505,2.8500269814477344,0,0.37,1,0.0420978775653502
2025-09-23 19:50:00,2.8517,2.8510387850749,0,0.46,0,0.0
2025-09-23 19:55:00,2.8517,2.851709543689621,0,0.46,0,-0.0526002033874539
2025-09-23 20:00:00,2.8502,2.8508088841741728,0,0.47,0,-0.0596449371973895
2025-09-23 20:05:00,2.8485,2.848818067759678,0,0.38,1,0.0421274354923673
2025-09-23 20:10:00,2.8497,2.8502586315613723,0,0.37,0,-0.1614205004035529
2025-09-23 20:15:00,2.8451,2.844005379731541,0,0.27,0,-0.175740747249653
2025-09-23 20:20:00,2.8401,2.839398415023017,0,0.37,1,0.0774620611950105
2025-09-23 20:25:00,2.8423,2.8431553158886613,0,0.5,1,0.01759138725681
2025-09-23 20:30:00,2.8428,2.843539310928832,0,0.44,1,0.3588011819333214
2025-09-23 20:35:00,2.853,2.8531971999306536,0,0.36,0,-0.0736067297581466
2025-09-23 20:40:00,2.8509,2.852049852622577,0,0.42,0,-0.1192605843768679
2025-09-23 20:45:00,2.8475,2.8479683432876124,0,0.55,0,-0.0491659350307371
2025-09-23 20:50:00,2.8461,2.84563904207354,0,0.39,1,0.2775728189452264
2025-09-23 20:55:00,2.854,2.8532314497047624,0,0.57,0,-0.1226348983882408
2025-09-23 21:00:00,2.8505,2.8505049714004653,0,0.37,0,-0.1648833537975735
2025-09-23 21:05:00,2.8458,2.8453670206042165,0,0.31,0,-0.0632511068943797
2025-09-23 21:10:00,2.844,2.843596199065178,0,0.39,0,-0.1898734177215089
2025-09-23 21:15:00,2.8386,2.8381891399849577,0,0.38,1,0.0035228633833428
2025-09-23 21:20:00,2.8387,2.8382468414231683,0,0.29,1,0.2571599675908143
2025-09-23 21:25:00,2.846,2.8451702842890305,0,0.32,1,0.1229796205200139
2025-09-23 21:30:00,2.8495,2.849412422019805,0,0.44,1,0.0842253026846817
2025-09-23 21:35:00,2.8519,2.8517178908884566,0,0.48,1,0.1683088467337556
2025-09-23 21:40:00,2.8567,2.8563300023572538,0,0.5,0,-0.2100325550460358
2025-09-23 21:45:00,2.8507,2.850920249550009,0,0.58,1,0.0140316413512531
2025-09-23 21:50:00,2.8511,2.851031325151383,0,0.43,0,-0.1438041457683114
2025-09-23 21:55:00,2.847,2.846923169771468,0,0.4,0,-0.0983491394450308
2025-09-23 22:00:00,2.8442,2.8451530417596254,0,0.44,1,0.0105477814499765
2025-09-23 22:05:00,2.8445,2.8445547150861725,0,0.4,0,-0.0703111267358114
2025-09-23 22:10:00,2.8425,2.843513075957924,0,0.53,0,-0.1160949868073801
2025-09-23 22:15:00,2.8392,2.8391091603360032,0,0.39,1,0.0140884756269388
2025-09-23 22:20:00,2.8396,2.840422510035575,0,0.57,0,-0.1514297788420826
2025-09-23 22:25:00,2.8353,2.8366648611612977,0,0.4,1,0.2186717454943032
2025-09-23 22:30:00,2.8415,2.842089172877768,0,0.44,1,0.017596339961301
2025-09-23 22:35:00,2.842,2.84284511755928,0,0.55,0,-0.0879662209711473
2025-09-23 22:40:00,2.8395,2.8398794605578788,0,0.52,0,-0.0810001760873424
2025-09-23 22:45:00,2.8372,2.8373701920216368,0,0.62,0,-0.1163118567601984
2025-09-23 22:50:00,2.8339,2.834069899124977,0,0.44,1,0.0141148240940136
2025-09-23 22:55:00,2.8343,2.834689138917759,0,0.48,0,-0.2469745616201391
2025-09-23 23:00:00,2.8273,2.8278103689059195,0,0.48,1,0.1874579987974245
2025-09-23 23:05:00,2.8326,2.8329760552314167,0,0.47,0,-0.2082892042646222
2025-09-23 23:10:00,2.8267,2.827593576523259,0,0.6,0,-0.1379700711076625
2025-09-23 23:15:00,2.8228,2.822988343202076,0,0.6,0,-0.0991922913419318
2025-09-23 23:20:00,2.82,2.8197670784819,0,0.54,0,-0.0460992907801327
2025-09-23 23:25:00,2.8187,2.819567311722679,0,0.56,1,0.280271046936531
2025-09-23 23:30:00,2.8266,2.8223104904547345,0,0.55,1,0.1592018679685836
2025-09-23 23:35:00,2.8311,2.8314374513924685,0,0.51,0,-0.0883048991558221
2025-09-23 23:40:00,2.8286,2.828531175832742,0,0.47,1,0.0742416743265472
2025-09-23 23:45:00,2.8307,2.8304862949482192,0,0.5,0,-0.1130462429787759
2025-09-23 23:50:00,2.8275,2.8271664263238767,0,0.46,0,-0.1485411140583536
2025-09-23 23:55:00,2.8233,2.823167163012772,0,0.55,1,0.0389614989551034
2025-09-24 00:00:00,2.8244,2.8227904806432584,0,0.43,0,-0.1203795496388493
2025-09-24 00:05:00,2.821,2.819976235408792,0,0.47,1,0.2977667493796465
2025-09-24 00:10:00,2.8294,2.8284212491944944,0,0.46,1,0.197921820880742
2025-09-24 00:15:00,2.835,2.8335705894021634,0,0.39,1,0.088183421516752
2025-09-24 00:20:00,2.8375,2.8358060655457167,0,0.63,0,-0.0140969162995552
2025-09-24 00:25:00,2.8371,2.83595002172323,0,0.62,0,-0.2643544464417835
2025-09-24 00:30:00,2.8296,2.828765081245662,0,0.44,1,0.1554990104608355
2025-09-24 00:35:00,2.834,2.832119603654339,0,0.37,0,-0.0705716302046632
2025-09-24 00:40:00,2.832,2.8309846281528346,0,0.34,0,-0.0317796610169396
2025-09-24 00:45:00,2.8311,2.830698583508218,0,0.39,0,-0.0423863515947919
2025-09-24 00:50:00,2.8299,2.8294369427042154,0,0.46,0,-0.1024771193328333
2025-09-24 00:55:00,2.827,2.826416549890006,0,0.4,1,0.0459851432614177
2025-09-24 01:00:00,2.8283,2.8274499392769137,0,0.49,1,0.0282855425520534
2025-09-24 01:05:00,2.8291,2.829321987815072,0,0.4,1,0.0565550881906018
2025-09-24 01:10:00,2.8307,2.8304595653451416,0,0.43,1,0.0247288656515909
2025-09-24 01:15:00,2.8314,2.8307302085635184,0,0.47,1,0.0847637211273566
2025-09-24 01:20:00,2.8338,2.834140589764353,0,0.51,1,0.1270378996400589
2025-09-24 01:25:00,2.8374,2.8370764239436363,0,0.44,0,-0.0775357721858105
2025-09-24 01:30:00,2.8352,2.834834949632393,0,0.44,1,0.1269751693002252
2025-09-24 01:35:00,2.8388,2.838441496159022,0,0.51,0,-0.1690855290968018
2025-09-24 01:40:00,2.834,2.8340890703629755,0,0.45,1,0.2081863091037306
2025-09-24 01:45:00,2.8399,2.8398674853062675,0,0.48,1,0.0211275044895931
2025-09-24 01:50:00,2.8405,2.840424803470121,0,0.49,0,-0.0211230417180074
2025-09-24 01:55:00,2.8399,2.840197047717976,0,0.48,0,-0.0633825134687904
2025-09-24 02:00:00,2.8381,2.838516882869196,0,0.49,0,-0.0458052922729823
2025-09-24 02:05:00,2.8368,2.836615521022365,0,0.44,0,-0.3102086858432162
2025-09-24 02:10:00,2.828,2.8286386447385903,0,0.52,0,-0.1697312588401667
2025-09-24 02:15:00,2.8232,2.824128508683904,0,0.47,1,0.0779257580051151
2025-09-24 02:20:00,2.8254,2.825941145073056,0,0.48,0,-0.0460111842570998
2025-09-24 02:25:00,2.8241,2.825291822416534,0,0.49,0,-0.0885237774866265
2025-09-24 02:30:00,2.8216,2.822161427331308,0,0.44,1,0.060249503827614
2025-09-24 02:35:00,2.8233,2.823655009303228,0,0.44,1,0.0708390890093113
2025-09-24 02:40:00,2.8253,2.8251688806442066,0,0.46,0,-0.0035394471383454
2025-09-24 02:45:00,2.8252,2.825293293242991,0,0.49,0,-0.1026476001699139
2025-09-24 02:50:00,2.8223,2.822361339609304,0,0.39,1,0.2125925663466032
2025-09-24 02:55:00,2.8283,2.827488221021762,0,0.37,1,0.1767846409503892
2025-09-24 03:00:00,2.8333,2.830937755590033,0,0.29,0,-0.3352980623301471
2025-09-24 03:05:00,2.8238,2.8219413507970934,0,0.29,1,0.1026984913945927
2025-09-24 03:10:00,2.8267,2.824317803829139,0,0.29,0,-0.0955177415360775
2025-09-24 03:15:00,2.824,2.823338480889499,0,0.31,0,-0.2230878186968876
2025-09-24 03:20:00,2.8177,2.818266276782369,0,0.39,0,-0.2235866131951591
2025-09-24 03:25:00,2.8114,2.8089255397019506,0,0.42,1,0.1067084015081487
2025-09-24 03:30:00,2.8144,2.815101903934292,0,0.42,1,0.0568504832290983
2025-09-24 03:35:00,2.816,2.8157569916170697,0,0.45,0,-0.0355113636363646
2025-09-24 03:40:00,2.815,2.815821904313609,0,0.48,0,-0.1563055062166918
2025-09-24 03:45:00,2.8106,2.809531760714524,0,0.47,1,0.0925069380203646
2025-09-24 03:50:00,2.8132,2.812747479057475,0,0.44,1,0.0071093416749601
2025-09-24 03:55:00,2.8134,2.813114662634503,0,0.43,0,-0.3305608871827736
2025-09-24 04:00:00,2.8041,2.803326867860072,0,0.6,1,0.0285296530081025
2025-09-24 04:05:00,2.8049,2.808261747575113,1,0.71,0,-0.0427822738778504
2025-09-24 04:10:00,2.8037,2.752923387663825,0,0.67,0,0.0
2025-09-24 04:15:00,2.8037,2.80553598417366,1,0.8,0,-0.078467739059107
2025-09-24 04:20:00,2.8015,2.804091659483124,1,0.85,1,0.7781545600571205
2025-09-24 04:25:00,2.8233,2.8250276287871965,1,0.74,1,0.4710799419119338
2025-09-24 04:30:00,2.8366,2.8380581919685013,0,0.64,1,0.3137559049566363
2025-09-24 04:35:00,2.8455,2.8454450496765187,0,0.47,0,-0.0773150588648685
2025-09-24 04:40:00,2.8433,2.8437832932839875,0,0.57,0,-0.1336475222452837
2025-09-24 04:45:00,2.8395,2.840235667931017,0,0.6,1,0.0528262017960967
2025-09-24 04:50:00,2.841,2.841989882137894,0,0.57,0,-0.0633579725448862
2025-09-24 04:55:00,2.8392,2.839811034537828,0,0.44,0,-0.0140884756269388
2025-09-24 05:00:00,2.8388,2.839557865936015,0,0.45,1,0.2184021417500403
2025-09-24 05:05:00,2.845,2.845054489859805,0,0.45,0,-0.0246045694200391
2025-09-24 05:10:00,2.8443,2.84426684249305,0,0.41,0,-0.1125057131807549
2025-09-24 05:15:00,2.8411,2.8418450821144243,0,0.43,1,0.0140790538875723
2025-09-23 12:40:00,2.8677,2.8659304083524697,0,0.25,0,-0.0488196115353889
2025-09-23 12:45:00,2.8663,2.8654167441966965,0,0.42,0,-0.0976869134424074
2025-09-23 12:50:00,2.8635,2.862846228406353,0,0.3,1,0.0104766893661567
2025-09-23 12:55:00,2.8638,2.8624275945192466,0,0.3,0,-0.1780850618059992
2025-09-23 13:00:00,2.8587,2.857830336342804,0,0.34,1,0.0804561513975121
2025-09-23 13:05:00,2.861,2.8599843958824427,0,0.45,0,-0.059419783292558
2025-09-23 13:10:00,2.8593,2.8583328664819505,0,0.63,0,-0.0944287063267323
2025-09-23 13:15:00,2.8566,2.8573601634341146,1,0.7,1,0.0420079815165008
2025-09-23 13:20:00,2.8578,2.858551471439898,1,0.78,1,0.1119742459234407
2025-09-23 13:25:00,2.861,2.8615974378256213,0,0.52,1,0.1188395665850938
2025-09-23 13:30:00,2.8644,2.862803535830438,0,0.43,0,-0.0872783130847598
2025-09-23 13:35:00,2.8619,2.8604640068011697,0,0.37,0,-0.0943429190397915
2025-09-23 13:40:00,2.8592,2.858281138012758,0,0.39,0,-0.0629546726356955
2025-09-23 13:45:00,2.8574,2.8579998395185813,0,0.47,0,-0.0489955903968719
2025-09-23 13:50:00,2.856,2.855766479630892,0,0.57,1,0.0805322128851537
2025-09-23 13:55:00,2.8583,2.85794011673246,0,0.61,1,0.2449008151698573
2025-09-23 14:00:00,2.8653,2.8641459472788844,0,0.37,1,0.2757128398422681
2025-09-23 14:05:00,2.8732,2.871891877277029,0,0.46,0,-0.16358067659753
2025-09-23 14:10:00,2.8685,2.866596284676086,0,0.41,0,-0.128987275579584
2025-09-23 14:15:00,2.8648,2.862936515632327,0,0.1,0,-0.1466070929907803
2025-09-23 14:20:00,2.8606,2.8594245498888005,0,0.32,1,0.066419632244985
2025-09-23 14:25:00,2.8625,2.8615214299129152,0,0.27,0,-0.1956331877729145
2025-09-23 14:30:00,2.8569,2.856559352921073,0,0.46,1,0.1015086282333932
2025-09-23 14:35:00,2.8598,2.861051017837092,0,0.57,1,0.1083991887544488
2025-09-23 14:40:00,2.8629,2.8613594272608505,0,0.35,0,-0.094309965419681
2025-09-23 14:45:00,2.8602,2.858766853307385,0,0.29,1,0.1643241731347444
2025-09-23 14:50:00,2.8649,2.8636759206798854,0,0.35,0,-0.0872630807357999
2025-09-23 14:55:00,2.8624,2.8611200365530074,0,0.15,1,0.0384292901062011
2025-09-23 15:00:00,2.8635,2.8625796519260063,0,0.3,1,0.1990570979570449
2025-09-23 15:05:00,2.8692,2.868178729835389,0,0.26,1,0.0731911334169721
2025-09-23 15:10:00,2.8713,2.8700636312477634,0,0.3,0,0.0
2025-09-23 15:15:00,2.8713,2.8695665451192887,0,0.16,1,0.243792010587529
2025-09-23 15:20:00,2.8783,2.876895895942768,0,0.33,0,-0.1528680123684123
2025-09-23 15:25:00,2.8739,2.871870719922319,0,0.17,1,0.0452346984933349
2025-09-23 15:30:00,2.8752,2.8734748659319247,0,0.23,1,0.1217306622147917
2025-09-23 15:35:00,2.8787,2.8753581553217846,0,0.3,0,-0.0590544342932597
2025-09-23 15:40:00,2.877,2.8749009735654663,0,0.19,0,-0.0799443865137305
2025-09-23 15:45:00,2.8747,2.873427477741665,0,0.28,1,0.045222110133225
2025-09-23 15:50:00,2.876,2.873744867193632,0,0.18,0,-0.0312934631432448
2025-09-23 15:55:00,2.8751,2.8730427289577745,0,0.29,0,-0.1878195541024752
2025-09-23 16:00:00,2.8697,2.8685208547928287,0,0.27,0,-0.1428720772206126
2025-09-23 16:05:00,2.8656,2.8639351624418645,0,0.32,1,0.1535455053043088
2025-09-23 16:10:00,2.87,2.868990116403785,0,0.26,1,0.0801393728222965
2025-09-23 16:15:00,2.8723,2.871372246431766,0,0.2,1,0.0487414267311914
2025-09-23 16:20:00,2.8737,2.8717155728937933,0,0.18,1,0.1252740369558358
2025-09-23 16:25:00,2.8773,2.875274411154268,0,0.16,1,0.1007889340701284
2025-09-23 16:30:00,2.8802,2.878305625746998,0,0.33,0,-0.0555516977987613
2025-09-23 16:35:00,2.8786,2.819366123424286,0,0.34,0,-0.0521086639338586
2025-09-23 16:40:00,2.8771,2.874560929306273,0,0.16,1,0.2015918807132033
2025-09-23 16:45:00,2.8829,2.8808451275026274,0,0.15,1,0.2705608935446912
2025-09-23 16:50:00,2.8907,2.887643848144924,0,0.35,0,-0.1798872245476812
2025-09-23 16:55:00,2.8855,2.882331472961742,0,0.15,0,-0.3119043493328699
2025-09-23 17:00:00,2.8765,2.8747438775682777,0,0.22,1,0.0278115765687481
2025-09-23 17:05:00,2.8773,2.8749986122789664,0,0.15,0,-0.069509609703533
2025-09-23 17:10:00,2.8753,2.873729508594987,0,0.3,0,-0.0834695510033789
2025-09-23 17:15:00,2.8729,2.8704680804765847,0,0.33,0,-0.0800584774966028
2025-09-23 17:20:00,2.8706,2.868669430160676,0,0.29,0,-0.0975405838500753
2025-09-23 17:25:00,2.8678,2.867104644604153,0,0.29,1,0.0453309156845049
2025-09-23 17:30:00,2.8691,2.8686122267782515,0,0.31,0,-0.3555121815203343
2025-09-23 17:35:00,2.8589,2.858966520698332,0,0.43,0,-0.1364161040959932
2025-09-23 17:40:00,2.855,2.855234437397084,0,0.54,1,0.0175131348511436
2025-09-23 17:45:00,2.8555,2.856134483001012,0,0.4,0,-0.2556469970232955
2025-09-23 17:50:00,2.8482,2.846858594164788,0,0.35,0,-0.0245769257776751
2025-09-23 17:55:00,2.8475,2.8467960100123406,0,0.44,0,-0.2352941176470557
2025-09-23 18:00:00,2.8408,2.8403295196955427,0,0.65,1,0.3696141931850194
2025-09-23 18:05:00,2.8513,2.851400726558745,0,0.42,1,0.0385788938378928
2025-09-23 18:10:00,2.8524,2.852493408093745,0,0.45,0,-0.1332211471041899
2025-09-23 18:15:00,2.8486,2.8486364764018406,0,0.38,0,-0.0772309204521426
2025-09-23 18:20:00,2.8464,2.8465214202021767,0,0.42,0,-0.0737774030354132
2025-09-23 18:25:00,2.8443,2.8417868646400866,0,0.45,1,0.1933691945294136
2025-09-23 18:30:00,2.8498,2.8518429255317512,0,0.5,0,-0.1789599270124231
2025-09-23 18:35:00,2.8447,2.845019325781573,0,0.44,1,0.0070306183428847
2025-09-23 18:40:00,2.8449,2.8452938831271832,0,0.46,0,-0.084361488980289
2025-09-23 18:45:00,2.8425,2.843256841058079,0,0.49,0,-0.0035180299032488
2025-09-23 18:50:00,2.8424,2.844444278108469,0,0.5,1,0.073881227132011
2025-09-23 18:55:00,2.8445,2.845934305031509,0,0.43,1,0.4288978730884185
2025-09-23 19:00:00,2.8567,2.8550521676602605,0,0.5,1,0.1330206181958226
2025-09-23 19:05:00,2.8605,2.8590536237827435,0,0.41,1,0.0804055235098744
2025-09-23 19:10:00,2.8628,2.861389046546372,0,0.49,1,0.1886265194914083
2025-09-23 19:15:00,2.8682,2.86709962832809,0,0.49,0,-0.083676173209668
2025-09-23 19:20:00,2.8658,2.864228147812133,0,0.42,0,-0.07327796775769
2025-09-23 19:25:00,2.8637,2.862919668457536,0,0.32,0,-0.066347731955163
2025-09-23 19:30:00,2.8618,2.860540177534288,0,0.43,0,-0.0594031728282873
2025-09-23 19:35:00,2.8601,2.859574178821382,0,0.57,0,-0.1818118247613687
2025-09-23 19:40:00,2.8549,2.853209295577825,0,0.51,0,-0.1541209849732161
2025-09-23 19:45:00,2.8505,2.8500269814477344,0,0.37,1,0.0420978775653502
2025-09-23 19:50:00,2.8517,2.8510387850749,0,0.46,0,0.0
2025-09-23 19:55:00,2.8517,2.851709543689621,0,0.46,0,-0.0526002033874539
2025-09-23 20:00:00,2.8502,2.8508088841741728,0,0.47,0,-0.0596449371973895
2025-09-23 20:05:00,2.8485,2.848818067759678,0,0.38,1,0.0421274354923673
2025-09-23 20:10:00,2.8497,2.8502586315613723,0,0.37,0,-0.1614205004035529
2025-09-23 20:15:00,2.8451,2.844005379731541,0,0.27,0,-0.175740747249653
2025-09-23 20:20:00,2.8401,2.839398415023017,0,0.37,1,0.0774620611950105
2025-09-23 20:25:00,2.8423,2.8431553158886613,0,0.5,1,0.01759138725681
2025-09-23 20:30:00,2.8428,2.843539310928832,0,0.44,1,0.3588011819333214
2025-09-23 20:35:00,2.853,2.8531971999306536,0,0.36,0,-0.0736067297581466
2025-09-23 20:40:00,2.8509,2.852049852622577,0,0.42,0,-0.1192605843768679
2025-09-23 20:45:00,2.8475,2.8479683432876124,0,0.55,0,-0.0491659350307371
2025-09-23 20:50:00,2.8461,2.84563904207354,0,0.39,1,0.2775728189452264
2025-09-23 20:55:00,2.854,2.8532314497047624,0,0.57,0,-0.1226348983882408
2025-09-23 21:00:00,2.8505,2.8505049714004653,0,0.37,0,-0.1648833537975735
2025-09-23 21:05:00,2.8458,2.8453670206042165,0,0.31,0,-0.0632511068943797
2025-09-23 21:10:00,2.844,2.843596199065178,0,0.39,0,-0.1898734177215089
2025-09-23 21:15:00,2.8386,2.8381891399849577,0,0.38,1,0.0035228633833428
2025-09-23 21:20:00,2.8387,2.8382468414231683,0,0.29,1,0.2571599675908143
2025-09-23 21:25:00,2.846,2.8451702842890305,0,0.32,1,0.1229796205200139
2025-09-23 21:30:00,2.8495,2.849412422019805,0,0.44,1,0.0842253026846817
2025-09-23 21:35:00,2.8519,2.8517178908884566,0,0.48,1,0.1683088467337556
2025-09-23 21:40:00,2.8567,2.8563300023572538,0,0.5,0,-0.2100325550460358
2025-09-23 21:45:00,2.8507,2.850920249550009,0,0.58,1,0.0140316413512531
2025-09-23 21:50:00,2.8511,2.851031325151383,0,0.43,0,-0.1438041457683114
2025-09-23 21:55:00,2.847,2.846923169771468,0,0.4,0,-0.0983491394450308
2025-09-23 22:00:00,2.8442,2.8451530417596254,0,0.44,1,0.0105477814499765
2025-09-23 22:05:00,2.8445,2.8445547150861725,0,0.4,0,-0.0703111267358114
2025-09-23 22:10:00,2.8425,2.843513075957924,0,0.53,0,-0.1160949868073801
2025-09-23 22:15:00,2.8392,2.8391091603360032,0,0.39,1,0.0140884756269388
2025-09-23 22:20:00,2.8396,2.840422510035575,0,0.57,0,-0.1514297788420826
2025-09-23 22:25:00,2.8353,2.8366648611612977,0,0.4,1,0.2186717454943032
2025-09-23 22:30:00,2.8415,2.842089172877768,0,0.44,1,0.017596339961301
2025-09-23 22:35:00,2.842,2.84284511755928,0,0.55,0,-0.0879662209711473
2025-09-23 22:40:00,2.8395,2.8398794605578788,0,0.52,0,-0.0810001760873424
2025-09-23 22:45:00,2.8372,2.8373701920216368,0,0.62,0,-0.1163118567601984
2025-09-23 22:50:00,2.8339,2.834069899124977,0,0.44,1,0.0141148240940136
2025-09-23 22:55:00,2.8343,2.834689138917759,0,0.48,0,-0.2469745616201391
2025-09-23 23:00:00,2.8273,2.8278103689059195,0,0.48,1,0.1874579987974245
2025-09-23 23:05:00,2.8326,2.8329760552314167,0,0.47,0,-0.2082892042646222
2025-09-23 23:10:00,2.8267,2.827593576523259,0,0.6,0,-0.1379700711076625
2025-09-23 23:15:00,2.8228,2.822988343202076,0,0.6,0,-0.0991922913419318
2025-09-23 23:20:00,2.82,2.8197670784819,0,0.54,0,-0.0460992907801327
2025-09-23 23:25:00,2.8187,2.819567311722679,0,0.56,1,0.280271046936531
2025-09-23 23:30:00,2.8266,2.8223104904547345,0,0.55,1,0.1592018679685836
2025-09-23 23:35:00,2.8311,2.8314374513924685,0,0.51,0,-0.0883048991558221
2025-09-23 23:40:00,2.8286,2.828531175832742,0,0.47,1,0.0742416743265472
2025-09-23 23:45:00,2.8307,2.8304862949482192,0,0.5,0,-0.1130462429787759
2025-09-23 23:50:00,2.8275,2.8271664263238767,0,0.46,0,-0.1485411140583536
2025-09-23 23:55:00,2.8233,2.823167163012772,0,0.55,1,0.0389614989551034
2025-09-24 00:00:00,2.8244,2.8227904806432584,0,0.43,0,-0.1203795496388493
2025-09-24 00:05:00,2.821,2.819976235408792,0,0.47,1,0.2977667493796465
2025-09-24 00:10:00,2.8294,2.8284212491944944,0,0.46,1,0.197921820880742
2025-09-24 00:15:00,2.835,2.8335705894021634,0,0.39,1,0.088183421516752
2025-09-24 00:20:00,2.8375,2.8358060655457167,0,0.63,0,-0.0140969162995552
2025-09-24 00:25:00,2.8371,2.83595002172323,0,0.62,0,-0.2643544464417835
2025-09-24 00:30:00,2.8296,2.828765081245662,0,0.44,1,0.1554990104608355
2025-09-24 00:35:00,2.834,2.832119603654339,0,0.37,0,-0.0705716302046632
2025-09-24 00:40:00,2.832,2.8309846281528346,0,0.34,0,-0.0317796610169396
2025-09-24 00:45:00,2.8311,2.830698583508218,0,0.39,0,-0.0423863515947919
2025-09-24 00:50:00,2.8299,2.8294369427042154,0,0.46,0,-0.1024771193328333
2025-09-24 00:55:00,2.827,2.826416549890006,0,0.4,1,0.0459851432614177
2025-09-24 01:00:00,2.8283,2.8274499392769137,0,0.49,1,0.0282855425520534
2025-09-24 01:05:00,2.8291,2.829321987815072,0,0.4,1,0.0565550881906018
2025-09-24 01:10:00,2.8307,2.8304595653451416,0,0.43,1,0.0247288656515909
2025-09-24 01:15:00,2.8314,2.8307302085635184,0,0.47,1,0.0847637211273566
2025-09-24 01:20:00,2.8338,2.834140589764353,0,0.51,1,0.1270378996400589
2025-09-24 01:25:00,2.8374,2.8370764239436363,0,0.44,0,-0.0775357721858105
2025-09-24 01:30:00,2.8352,2.834834949632393,0,0.44,1,0.1269751693002252
2025-09-24 01:35:00,2.8388,2.838441496159022,0,0.51,0,-0.1690855290968018
2025-09-24 01:40:00,2.834,2.8340890703629755,0,0.45,1,0.2081863091037306
2025-09-24 01:45:00,2.8399,2.8398674853062675,0,0.48,1,0.0211275044895931
2025-09-24 01:50:00,2.8405,2.840424803470121,0,0.49,0,-0.0211230417180074
2025-09-24 01:55:00,2.8399,2.840197047717976,0,0.48,0,-0.0633825134687904
2025-09-24 02:00:00,2.8381,2.838516882869196,0,0.49,0,-0.0458052922729823
2025-09-24 02:05:00,2.8368,2.836615521022365,0,0.44,0,-0.3102086858432162
2025-09-24 02:10:00,2.828,2.8286386447385903,0,0.52,0,-0.1697312588401667
2025-09-24 02:15:00,2.8232,2.824128508683904,0,0.47,1,0.0779257580051151
2025-09-24 02:20:00,2.8254,2.825941145073056,0,0.48,0,-0.0460111842570998
2025-09-24 02:25:00,2.8241,2.825291822416534,0,0.49,0,-0.0885237774866265
2025-09-24 02:30:00,2.8216,2.822161427331308,0,0.44,1,0.060249503827614
2025-09-24 02:35:00,2.8233,2.823655009303228,0,0.44,1,0.0708390890093113
2025-09-24 02:40:00,2.8253,2.8251688806442066,0,0.46,0,-0.0035394471383454
2025-09-24 02:45:00,2.8252,2.825293293242991,0,0.49,0,-0.1026476001699139
2025-09-24 02:50:00,2.8223,2.822361339609304,0,0.39,1,0.2125925663466032
2025-09-24 02:55:00,2.8283,2.827488221021762,0,0.37,1,0.1767846409503892
2025-09-24 03:00:00,2.8333,2.830937755590033,0,0.29,0,-0.3352980623301471
2025-09-24 03:05:00,2.8238,2.8219413507970934,0,0.29,1,0.1026984913945927
2025-09-24 03:10:00,2.8267,2.824317803829139,0,0.29,0,-0.0955177415360775
2025-09-24 03:15:00,2.824,2.823338480889499,0,0.31,0,-0.2230878186968876
2025-09-24 03:20:00,2.8177,2.818266276782369,0,0.39,0,-0.2235866131951591
2025-09-24 03:25:00,2.8114,2.8089255397019506,0,0.42,1,0.1067084015081487
2025-09-24 03:30:00,2.8144,2.815101903934292,0,0.42,1,0.0568504832290983
2025-09-24 03:35:00,2.816,2.8157569916170697,0,0.45,0,-0.0355113636363646
2025-09-24 03:40:00,2.815,2.815821904313609,0,0.48,0,-0.1563055062166918
2025-09-24 03:45:00,2.8106,2.809531760714524,0,0.47,1,0.0925069380203646
2025-09-24 03:50:00,2.8132,2.812747479057475,0,0.44,1,0.0071093416749601
2025-09-24 03:55:00,2.8134,2.813114662634503,0,0.43,0,-0.3305608871827736
2025-09-24 04:00:00,2.8041,2.803326867860072,0,0.6,1,0.0285296530081025
2025-09-24 04:05:00,2.8049,2.808261747575113,1,0.71,0,-0.0427822738778504
2025-09-24 04:10:00,2.8037,2.752923387663825,0,0.67,0,0.0
2025-09-24 04:15:00,2.8037,2.80553598417366,1,0.8,0,-0.078467739059107
2025-09-24 04:20:00,2.8015,2.804091659483124,1,0.85,1,0.7781545600571205
2025-09-24 04:25:00,2.8233,2.8250276287871965,1,0.74,1,0.4710799419119338
2025-09-24 04:30:00,2.8366,2.8380581919685013,0,0.64,1,0.3137559049566363
2025-09-24 04:35:00,2.8455,2.8454450496765187,0,0.47,0,-0.0773150588648685
2025-09-24 04:40:00,2.8433,2.8437832932839875,0,0.57,0,-0.1336475222452837
2025-09-24 04:45:00,2.8395,2.840235667931017,0,0.6,1,0.0528262017960967
2025-09-24 04:50:00,2.841,2.841989882137894,0,0.57,0,-0.0633579725448862
2025-09-24 04:55:00,2.8392,2.839811034537828,0,0.44,0,-0.0140884756269388
2025-09-24 05:00:00,2.8388,2.839557865936015,0,0.45,1,0.2184021417500403
2025-09-24 05:05:00,2.845,2.845054489859805,0,0.45,0,-0.0246045694200391
2025-09-24 05:10:00,2.8443,2.84426684249305,0,0.41,0,-0.1125057131807549
2025-09-24 05:15:00,2.8411,2.8418450821144243,0,0.43,1,0.0140790538875723
2025-09-24 02:25:00,2.8241,2.822789773224008,0,0.31,0,-0.0885237774866265
2025-09-24 02:30:00,2.8216,2.8215385422695127,0,0.44,1,0.060249503827614
2025-09-24 02:35:00,2.8233,2.8243104878454326,0,0.51,1,0.0708390890093113
2025-09-24 02:40:00,2.8253,2.82664356577506,0,0.53,0,-0.0035394471383454
2025-09-24 02:45:00,2.8252,2.826319633071257,0,0.56,0,-0.1026476001699139
2025-09-24 02:50:00,2.8223,2.8243566839532552,0,0.62,1,0.2125925663466032
2025-09-24 02:55:00,2.8283,2.829269407676932,0,0.49,1,0.1767846409503892
2025-09-24 03:00:00,2.8333,2.8320141971411745,0,0.42,0,-0.3352980623301471
2025-09-24 03:05:00,2.8238,2.824258117879646,0,0.49,1,0.1026984913945927
2025-09-24 03:10:00,2.8267,2.82598643082702,0,0.46,0,-0.0955177415360775
2025-09-24 03:15:00,2.824,2.8255120249399206,0,0.64,0,-0.2230878186968876
2025-09-24 03:20:00,2.8177,2.820743792637149,0,0.64,0,-0.2235866131951591
2025-09-24 03:25:00,2.8114,2.810469021744453,0,0.64,1,0.1067084015081487
2025-09-24 03:30:00,2.8144,2.816859835387297,0,0.57,1,0.0568504832290983
2025-09-24 03:35:00,2.816,2.8158576144486207,0,0.52,0,-0.0355113636363646
2025-09-24 03:40:00,2.815,2.8166682304482813,0,0.6,0,-0.1563055062166918
2025-09-24 03:45:00,2.8106,2.8106667831027865,0,0.45,1,0.0925069380203646
2025-09-24 03:50:00,2.8132,2.813348573132997,0,0.56,1,0.0071093416749601
2025-09-24 03:55:00,2.8134,2.8143558464880214,0,0.6,0,-0.3305608871827736
2025-09-24 04:00:00,2.8041,2.805452261728401,1,0.75,1,0.0285296530081025
2025-09-24 04:05:00,2.8049,2.8085961728877966,1,0.71,0,-0.0427822738778504
2025-09-24 04:10:00,2.8037,2.757314944671796,1,0.77,0,0.0
2025-09-24 04:15:00,2.8037,2.806327090247062,1,0.7,0,-0.078467739059107
2025-09-24 04:20:00,2.8015,2.8057338681682484,1,0.77,1,0.7781545600571205
2025-09-24 04:25:00,2.8233,2.826581814612957,0,0.66,1,0.4710799419119338
2025-09-24 04:30:00,2.8366,2.838805243752833,0,0.68,1,0.3137559049566363
2025-09-24 04:35:00,2.8455,2.845703215722778,0,0.43,0,-0.0773150588648685
2025-09-24 04:40:00,2.8433,2.844289699788315,0,0.43,0,-0.1336475222452837
2025-09-24 04:45:00,2.8395,2.840202789517265,0,0.44,1,0.0528262017960967
2025-09-24 04:50:00,2.841,2.840795584720325,0,0.47,0,-0.0633579725448862
2025-09-24 04:55:00,2.8392,2.8392765637940145,0,0.35,0,-0.0140884756269388
2025-09-24 05:00:00,2.8388,2.8386264521084112,0,0.46,1,0.2184021417500403
2025-09-24 05:05:00,2.845,2.8451947330995098,0,0.37,0,-0.0246045694200391
2025-09-24 05:10:00,2.8443,2.843932047496492,0,0.4,0,-0.1125057131807549
2025-09-24 05:15:00,2.8411,2.8409816633911764,0,0.4,1,0.0140790538875723
2025-09-24 05:20:00,2.8415,2.840010611106348,0,0.39,1,0.0739046278374067
2025-09-24 05:25:00,2.8436,2.8435421953139173,0,0.3,0,-0.0175833450555495
2025-09-24 05:30:00,2.8431,2.843016007400811,0,0.34,1,0.4080053462769406
2025-09-24 05:35:00,2.8547,2.8543775746750395,0,0.44,0,-0.0315269555469788
2025-09-24 05:40:00,2.8538,2.8538427554657866,0,0.55,1,0.1016188941060924
2025-09-24 05:45:00,2.8567,2.8571540970423364,0,0.61,1,0.0315048832569164
2025-09-24 05:50:00,2.8576,2.85775389480562,0,0.59,0,-0.0524916013437848
2025-09-24 05:55:00,2.8561,2.855983888493677,0,0.57,0,-0.0980357830608236
2025-09-24 06:00:00,2.8533,2.8549417496938068,0,0.6,1,0.1822451196859642
2025-09-24 06:05:00,2.8585,2.858148229473729,0,0.56,0,-0.0664684274969351
2025-09-24 06:10:00,2.8566,2.858739945585358,0,0.66,1,0.2730518798571779
2025-09-24 06:15:00,2.8644,2.863753330264902,0,0.46,0,-0.2862728669180248
2025-09-24 06:20:00,2.8562,2.857880138337382,1,0.71,0,-0.0210069322876482
2025-09-24 06:25:00,2.8556,2.8575111839219027,0,0.68,0,-0.1015548396133825
2025-09-24 06:30:00,2.8527,2.854233046776746,0,0.54,1,0.0385599607389597
2025-09-24 06:35:00,2.8538,2.855731530814324,0,0.57,0,-0.0280327983740891
2025-09-24 06:40:00,2.853,2.855434395075299,0,0.6,1,0.0175254118471634
2025-09-24 06:45:00,2.8535,2.8558788481481554,0,0.56,1,0.0735938321359652
2025-09-24 06:50:00,2.8556,2.85784458439216,0,0.53,0,-0.0315170191903635
2025-09-24 06:55:00,2.8547,2.8570372773732355,1,0.73,1,0.0420359407293347
2025-09-24 07:00:00,2.8559,2.85805519376672,0,0.65,1,0.049021324276044
2025-09-24 07:05:00,2.8573,2.85945523302928,0,0.67,1,0.33248171350575
2025-09-24 07:10:00,2.8668,2.867018808443765,0,0.45,1,0.0592995674619789
2025-09-24 07:15:00,2.8685,2.8636899920136685,0,0.37,0,-0.1603625588286528
2025-09-24 07:20:00,2.8639,2.862677409951704,0,0.3,0,-0.0488843884213885
2025-09-24 07:25:00,2.8625,2.8630409537586963,0,0.44,1,0.0873362445414915
2025-09-24 07:30:00,2.865,2.863543315956796,0,0.36,1,0.1221640488656028
2025-09-24 07:35:00,2.8685,2.8647552693481417,0,0.41,1,0.0766951368310842
2025-09-24 07:40:00,2.8707,2.8665990609399823,0,0.41,1,0.0487685930260939
2025-09-24 07:45:00,2.8721,2.866962623353693,0,0.31,0,0.0
2025-09-24 07:50:00,2.8721,2.8700614942295672,0,0.34,1,0.01392709167507
2025-09-24 07:55:00,2.8725,2.870692700226154,0,0.43,0,-0.1079199303742339
2025-09-24 08:00:00,2.8694,2.8681863394030915,0,0.46,1,0.1254617690109372
2025-09-24 08:05:00,2.873,2.871008178557437,0,0.37,0,-0.076575008701718
2025-09-24 08:10:00,2.8708,2.8671585960424557,0,0.42,0,-0.0104500487668968
2025-09-24 08:15:00,2.8705,2.8695966742688435,0,0.49,1,0.0418045636648711
2025-09-24 08:20:00,2.8717,2.8711502853620474,0,0.53,0,-0.0278580631681735
2025-09-24 08:25:00,2.8709,2.870703019777205,0,0.46,1,0.0940471629105932
2025-09-24 08:30:00,2.8736,2.872187771824599,0,0.37,0,-0.0417594654788522
2025-09-24 08:35:00,2.8724,2.8708545584475043,0,0.42,1,0.097479459685279
2025-09-24 08:40:00,2.8752,2.873881461051864,0,0.37,1,0.1286867000556357
2025-09-24 08:45:00,2.8789,2.877463984238494,0,0.32,0,-0.2257806801208794
2025-09-24 08:50:00,2.8724,2.871645511860684,0,0.4,1,0.0487397298426506
2025-09-24 08:55:00,2.8738,2.872507335534419,0,0.47,0,-0.0800334052474038
2025-09-24 09:00:00,2.8715,2.871195983880082,0,0.44,0,-0.020895002611887
2025-09-24 09:05:00,2.8709,2.870195580079791,0,0.48,1,0.0208993695357095
2025-09-24 09:10:00,2.8715,2.8714922005169896,0,0.46,1,0.0278600034824938
2025-09-24 09:15:00,2.8723,2.8715919037125963,0,0.45,0,-0.0278522438463935
2025-09-24 09:20:00,2.8715,2.871222553214627,0,0.48,1,0.0104475013059213
2025-09-24 09:25:00,2.8718,2.8715313132930658,0,0.49,1,0.1149105090883839
2025-09-24 09:30:00,2.8751,2.875314035812204,0,0.42,1,0.038259538798635
2025-09-24 09:35:00,2.8762,2.876408737682991,0,0.41,1,0.0069536193588737
2025-09-24 09:40:00,2.8764,2.875795250902421,0,0.33,0,-0.076484494507012
2025-09-24 09:45:00,2.8742,2.8736622247236325,0,0.37,1,0.0104376870085465
2025-09-24 09:50:00,2.8745,2.87472186960685,0,0.41,0,-0.0591407201252391
2025-09-24 09:55:00,2.8728,2.872603623785781,0,0.53,0,-0.0800612642717912
2025-09-24 10:00:00,2.8705,2.869844890461282,0,0.49,1,0.0418045636648711
2025-09-24 10:05:00,2.8717,2.871517112994594,0,0.46,0,-0.0487516105442842
2025-09-24 10:10:00,2.8703,2.870410324786697,0,0.48,1,0.006967912761735
2025-09-24 10:15:00,2.8705,2.8699909023667307,0,0.49,1,0.0139348545549644
2025-09-24 10:20:00,2.8709,2.8705679183668966,0,0.46,0,-0.1079800759343663
2025-09-24 10:25:00,2.8678,2.8678145199008376,0,0.45,1,0.0871748378548087
2025-09-24 10:30:00,2.8703,2.870049047623131,0,0.39,1,0.0452914329512665
2025-09-24 10:35:00,2.8716,2.8719318884154474,0,0.38,0,-0.0800947207131863
2025-09-24 10:40:00,2.8693,2.8695737937073456,0,0.46,0,-0.0243961941937098
2025-09-24 10:45:00,2.8686,2.8687628898322526,0,0.51,1,0.076692463222483
2025-09-24 10:50:00,2.8708,2.8711649392702894,0,0.44,1,0.0104500487668968
2025-09-24 10:55:00,2.8711,2.870999937588016,0,0.41,1,0.0905576259969898
2025-09-24 11:00:00,2.8737,2.8737903590891567,0,0.41,1,0.1739917179942152
2025-09-24 11:05:00,2.8787,2.878344479963943,0,0.36,1,0.0798971758085187
2025-09-24 11:10:00,2.881,2.8793372027618065,0,0.24,0,-0.0555362721277319
2025-09-24 11:15:00,2.8794,2.8786915416048555,0,0.32,0,-0.0729318608043372
2025-09-24 11:20:00,2.8773,2.8771142540108925,0,0.32,0,-0.0764605706738863
2025-09-24 11:25:00,2.8751,2.8747492794151333,0,0.34,1,0.0591283781433471
2025-09-24 11:30:00,2.8768,2.876685310340788,0,0.37,0,-0.0695216907675155
2025-09-24 11:35:00,2.8748,2.8745409047721857,0,0.34,1,0.062613051342697
2025-09-24 11:40:00,2.8766,2.8772781305375066,0,0.41,1,0.1147187652089432
2025-09-24 11:45:00,2.8799,2.879366294724588,0,0.26,0,-0.1319490260078493
2025-09-24 11:50:00,2.8761,2.875731272677445,0,0.34,1,0.0834463335767088
2025-09-24 11:55:00,2.8785,2.877180218431292,0,0.22,1,0.1632794858433373
2025-09-24 12:00:00,2.8832,2.882486399560813,0,0.35,0,-0.0416204217536075
2025-09-24 12:05:00,2.882,2.881308064215708,0,0.32,1,0.0763358778625766
2025-09-24 12:10:00,2.8842,2.883847497417754,0,0.33,0,-0.03467165938561
2025-09-24 12:15:00,2.8832,2.883441201361438,0,0.44,0,-0.0554938956714656
2025-09-24 12:20:00,2.8816,2.8811752228797074,0,0.38,0,-0.1457523598001109
2025-09-24 12:25:00,2.8774,2.8769869224968714,0,0.34,1,0.1077361506915952
2025-09-24 12:30:00,2.8805,2.88071785262438,0,0.41,0,-0.0347161951050112
2025-09-24 12:35:00,2.8795,2.8795195531246094,0,0.45,1,0.0451467268622884
2025-09-24 12:40:00,2.8808,2.880972664026702,0,0.41,0,-0.1145515134684749
2025-09-24 12:45:00,2.8775,2.8772738811988687,0,0.44,0,-0.0764552562988574
2025-09-24 12:50:00,2.8753,2.874685001061359,0,0.47,0,-0.0069557959169519
2025-09-24 12:55:00,2.8751,2.874724072572385,0,0.36,1,0.0278251191262901
2025-09-24 13:00:00,2.8759,2.875810161190771,0,0.45,0,-0.0730206196321137
2025-09-24 13:05:00,2.8738,2.8730863417127224,0,0.45,0,-0.013918853086503
2025-09-24 13:10:00,2.8734,2.873850446972337,0,0.53,1,0.0870049418806973
2025-09-24 13:15:00,2.8759,2.876101008275944,0,0.47,0,0.0
2025-09-24 13:20:00,2.8759,2.875885949455135,0,0.4,0,-0.020863034180607
2025-09-24 13:25:00,2.8753,2.875560172293014,0,0.49,0,-0.0034778979584815
2025-09-24 13:30:00,2.8752,2.8754271532478035,0,0.46,1,0.045214245965508
2025-09-24 13:35:00,2.8765,2.875303911733264,0,0.36,1,0.163393012341384
2025-09-24 13:40:00,2.8812,2.879468209838789,0,0.24,0,-0.055532417048465
2025-09-24 13:45:00,2.8796,2.8786225173074915,0,0.4,0,-0.1250173635227169
2025-09-24 13:50:00,2.876,2.875806030074632,0,0.34,0,-0.0347705146036103
2025-09-24 13:55:00,2.875,2.8736538122201587,0,0.3,1,0.2643478260869525
2025-09-24 14:00:00,2.8826,2.881545452313695,0,0.39,0,-0.0520363560674419
2025-09-24 14:05:00,2.8811,2.8801387335737108,0,0.27,1,0.2707299295408027
2025-09-24 14:10:00,2.8889,2.8876947972190106,0,0.37,0,-0.0484613520717158
2025-09-24 14:15:00,2.8875,2.886646155377592,0,0.38,0,-0.038095238095237
2025-09-24 14:20:00,2.8864,2.885298185375183,0,0.27,1,0.2390521064301598
2025-09-24 14:25:00,2.8933,2.89247571719781,0,0.31,1,0.0241938271178243
2025-09-24 14:30:00,2.894,2.89269499540584,0,0.25,1,0.0794747753973812
2025-09-24 14:35:00,2.8963,2.8944527490852647,0,0.3,1,0.2382349894693103
2025-09-24 14:40:00,2.9032,2.899918615031617,0,0.18,1,0.5270046844860765
2025-09-24 14:45:00,2.9185,2.9153977309360184,0,0.23,1,0.1644680486551308
2025-09-24 14:50:00,2.9233,2.918214426185892,0,0.25,0,-0.1949851195566565
2025-09-24 14:55:00,2.9176,2.9133708451063303,0,0.26,0,-0.075404442007132
2025-09-24 15:00:00,2.9154,2.909639147878432,0,0.23,0,-0.2126637854153901
2025-09-24 15:05:00,2.9092,2.90362909345666,0,0.19,0,-0.0653100508730797
2025-09-24 15:10:00,2.9073,2.9021874086228223,0,0.17,1,0.2545316960753885
2025-09-24 15:15:00,2.9147,2.9102533459357813,0,0.21,1,0.2435928225889672
2025-09-24 15:20:00,2.9218,2.9172325696561194,0,0.21,0,0.0
2025-09-24 15:25:00,2.9218,2.917738947103064,0,0.26,1,0.2156205079060891
2025-09-24 15:30:00,2.9281,2.922955568095208,0,0.24,1,0.1639288275673722
2025-09-24 15:35:00,2.9329,2.9279254732613373,0,0.19,0,-0.054553513587241
2025-09-24 15:40:00,2.9313,2.926003142536561,0,0.23,0,-0.0818749360351978
2025-09-24 15:45:00,2.9289,2.9240814812553406,0,0.24,1,0.6589504592167561
2025-09-24 15:50:00,2.9482,2.9438408899763258,0,0.27,0,-0.3324062139610562
2025-09-24 15:55:00,2.9384,2.933255984070836,0,0.28,1,0.1837734821671599
2025-09-24 16:00:00,2.9438,2.9390713895657505,0,0.24,0,-0.363475779604594
2025-09-24 16:05:00,2.9331,2.9290932851074385,0,0.28,0,-0.1227370359005886
2025-09-24 16:10:00,2.9295,2.925397040368061,0,0.23,1,0.3584229390680926
2025-09-24 16:15:00,2.94,2.935945932112268,0,0.24,1,0.1598639455782313
2025-09-24 16:20:00,2.9447,2.9399755432897328,0,0.2,0,-0.0305633850646969
2025-09-24 16:25:00,2.9438,2.9400243709324267,0,0.26,0,-0.3770636592159704
2025-09-24 16:30:00,2.9327,2.9286718130076217,0,0.22,1,0.3682613291505987
2025-09-24 16:35:00,2.9435,2.938232125136398,0,0.21,0,-0.0373704773229066
2025-09-24 16:40:00,2.9424,2.9380601925397705,0,0.22,1,0.1461392060902566
2025-09-24 16:45:00,2.9467,2.942676036454435,0,0.28,0,-0.1119896833746136
2025-09-24 16:50:00,2.9434,2.939362125533594,0,0.28,1,0.0407691785010433
2025-09-24 16:55:00,2.9446,2.940237855930421,0,0.39,0,-0.1664063030632268
2025-09-24 17:00:00,2.9397,2.9356667283910007,0,0.38,0,-0.0646324454876334
2025-09-24 17:05:00,2.9378,2.9364794839204973,0,0.35,1,0.2586969841377851
2025-09-24 17:10:00,2.9454,2.9443872157771325,0,0.3,0,-0.2240782236707983
2025-09-24 17:15:00,2.9388,2.9374873402256103,0,0.31,0,-0.1190962297536457
2025-09-24 17:20:00,2.9353,2.9340834747631823,0,0.28,0,-0.0170340339999186
2025-09-24 17:25:00,2.9348,2.9333024618487293,0,0.37,1,0.1397028758348018
2025-09-24 17:30:00,2.9389,2.9367649581135398,0,0.37,1,0.3164449283745707
2025-09-24 17:35:00,2.9482,2.946049537296554,0,0.33,0,-0.0271352011396719
2025-09-24 17:40:00,2.9474,2.944690168059217,0,0.3,0,-0.0576779534504967
2025-09-24 17:45:00,2.9457,2.943707279435765,0,0.32,0,-0.0577112401127122
2025-09-24 17:50:00,2.944,2.9424821690372323,0,0.32,0,-0.0747282608695609
2025-09-24 17:55:00,2.9418,2.940186547664915,0,0.35,1,0.0611870283499849
2025-09-24 18:00:00,2.9436,2.9424221164471827,0,0.31,1,0.003397200706634
2025-09-24 18:05:00,2.9437,2.942252656286153,0,0.35,1,0.0985154737235483
2025-09-24 18:10:00,2.9466,2.9445719448214924,0,0.35,0,-0.0407249032783663
2025-09-24 18:15:00,2.9454,2.9431872160022405,0,0.37,1,0.081482990425763
2025-09-24 18:20:00,2.9478,2.946036087086828,0,0.31,1,0.1017708121310745
2025-09-24 18:25:00,2.9508,2.9486004840862723,0,0.31,0,-0.0508336722244817
2025-09-24 18:30:00,2.9493,2.9467785283799737,0,0.29,1,0.0712033363849062
2025-09-24 18:35:00,2.9514,2.9485155204056457,0,0.28,0,-0.0542115606152915
2025-09-24 18:40:00,2.9498,2.9481856086071927,0,0.31,0,-0.1423825344091134
2025-09-24 18:45:00,2.9456,2.94463214766678,0,0.34,1,0.0237642585551256
2025-09-24 18:50:00,2.9463,2.945811613583778,0,0.4,1,0.0984285374876936
2025-09-24 18:55:00,2.9492,2.948017248793162,0,0.33,1,0.1559745015597524
2025-09-24 19:00:00,2.9538,2.951778375862079,0,0.29,0,-0.1794298869253197
2025-09-24 02:30:00,2.8216,2.8213620593253013,0,0.38,1,0.06024950382761407
2025-09-24 02:35:00,2.8233,2.8246186640968167,0,0.45,1,0.07083908900931135
2025-09-24 02:40:00,2.8253,2.8267563670527527,0,0.46,0,-0.0035394471383454196
2025-09-24 02:45:00,2.8252,2.8264330644813587,0,0.49,0,-0.10264760016991392
2025-09-24 02:50:00,2.8223,2.8241361916045546,0,0.63,1,0.21259256634660328
2025-09-24 02:55:00,2.8283,2.8292140498197598,0,0.52,1,0.17678464095038926
2025-09-24 03:00:00,2.8333,2.8319298934346846,0,0.39,0,-0.33529806233014714
2025-09-24 03:05:00,2.8238,2.8241626676770695,0,0.47,1,0.10269849139459275
2025-09-24 03:10:00,2.8267,2.826370720727445,0,0.51,0,-0.0955177415360775
2025-09-24 03:15:00,2.824,2.825435780262046,0,0.57,0,-0.22308781869688765
2025-09-24 03:20:00,2.8177,2.819509774428262,0,0.58,0,-0.22358661319515916
2025-09-24 03:25:00,2.8114,2.810562556008693,0,0.64,1,0.10670840150814875
2025-09-24 03:30:00,2.8144,2.816716394544768,0,0.51,1,0.05685048322909836
2025-09-24 03:35:00,2.816,2.8161943332644084,0,0.49,0,-0.035511363636364646
2025-09-24 03:40:00,2.815,2.8167919254332388,0,0.55,0,-0.15630550621669181
2025-09-24 03:45:00,2.8106,2.8112289871200358,0,0.48,1,0.09250693802036469
2025-09-24 03:50:00,2.8132,2.8135982333120912,0,0.55,1,0.007109341674960135
2025-09-24 03:55:00,2.8134,2.814678850834946,0,0.58,0,-0.33056088718277366
2025-09-24 04:00:00,2.8041,2.8053451401189764,1,0.76,1,0.028529653008102507
2025-09-24 04:05:00,2.8049,2.8089237063602623,1,0.71,0,-0.042782273877850496
2025-09-24 04:10:00,2.8037,2.7529489472730653,1,0.77,0,0.0
2025-09-24 04:15:00,2.8037,2.806254116866519,1,0.71,0,-0.07846773905910709
2025-09-24 04:20:00,2.8015,2.8055973849421463,1,0.72,1,0.7781545600571205
2025-09-24 04:25:00,2.8233,2.8266097948357487,0,0.68,1,0.4710799419119338
2025-09-24 04:30:00,2.8366,2.838794246274097,0,0.69,1,0.3137559049566363
2025-09-24 04:35:00,2.8455,2.8458817521992454,0,0.41,0,-0.07731505886486856
2025-09-24 04:40:00,2.8433,2.8448651662679962,0,0.45,0,-0.13364752224528376
2025-09-24 04:45:00,2.8395,2.8411119694207434,0,0.44,1,0.05282620179609676
2025-09-24 04:50:00,2.841,2.8413566044625704,0,0.46,0,-0.06335797254488629
2025-09-24 04:55:00,2.8392,2.8395709693666498,0,0.41,0,-0.014088475626938823
2025-09-24 05:00:00,2.8388,2.8386565570536404,0,0.47,1,0.21840214175004036
2025-09-24 05:05:00,2.845,2.8456595668356464,0,0.45,0,-0.02460456942003919
2025-09-24 05:10:00,2.8443,2.844140365709594,0,0.49,0,-0.11250571318075497
2025-09-24 05:15:00,2.8411,2.8410713922572595,0,0.47,1,0.014079053887572357
2025-09-24 05:20:00,2.8415,2.8401599973377283,0,0.47,1,0.0739046278374067
2025-09-24 05:25:00,2.8436,2.8434197361153215,0,0.36,0,-0.017583345055549593
2025-09-24 05:30:00,2.8431,2.843017538529771,0,0.42,1,0.40800534627694063
2025-09-24 05:35:00,2.8547,2.854796179636683,0,0.36,0,-0.03152695554697882
2025-09-24 05:40:00,2.8538,2.854198959895065,0,0.57,1,0.10161889410609248
2025-09-24 05:45:00,2.8567,2.8575882970044897,0,0.63,1,0.03150488325691647
2025-09-24 05:50:00,2.8576,2.8578075015803313,0,0.57,0,-0.05249160134378483
2025-09-24 05:55:00,2.8561,2.8559337463907037,0,0.51,0,-0.09803578306082361
2025-09-24 06:00:00,2.8533,2.8547463201825627,0,0.59,1,0.18224511968596424
2025-09-24 06:05:00,2.8585,2.8582760907522364,0,0.56,0,-0.06646842749693516
2025-09-24 06:10:00,2.8566,2.8587135631795837,0,0.65,1,0.27305187985717794
2025-09-24 06:15:00,2.8644,2.863759126778388,0,0.4,0,-0.2862728669180248
2025-09-24 06:20:00,2.8562,2.857789394278524,1,0.7,0,-0.021006932287648272
2025-09-24 06:25:00,2.8556,2.857693737285525,0,0.67,0,-0.10155483961338252
2025-09-24 06:30:00,2.8527,2.853934453172574,0,0.61,1,0.03855996073895973
2025-09-24 06:35:00,2.8538,2.855238281524097,0,0.68,0,-0.02803279837408912
2025-09-24 06:40:00,2.853,2.855278196953351,0,0.59,1,0.017525411847163497
2025-09-24 06:45:00,2.8535,2.855927794098787,0,0.56,1,0.07359383213596526
2025-09-24 06:50:00,2.8556,2.857820943884377,0,0.6,0,-0.03151701919036354
2025-09-24 06:55:00,2.8547,2.856966761722668,1,0.71,1,0.0420359407293347
2025-09-24 07:00:00,2.8559,2.8581238637251793,0,0.69,1,0.049021324276044
2025-09-24 07:05:00,2.8573,2.859336296708114,0,0.66,1,0.33248171350575006
2025-09-24 07:10:00,2.8668,2.8669373232462516,0,0.47,1,0.05929956746197895
2025-09-24 07:15:00,2.8685,2.8626505399654043,0,0.36,0,-0.1603625588286528
2025-09-24 07:20:00,2.8639,2.8625470543544846,0,0.36,0,-0.048884388421388536
2025-09-24 07:25:00,2.8625,2.8626801223725096,0,0.46,1,0.08733624454149158
2025-09-24 07:30:00,2.865,2.8635835305614146,0,0.36,1,0.12216404886560284
2025-09-24 07:35:00,2.8685,2.863673847518207,0,0.37,1,0.0766951368310842
2025-09-24 07:40:00,2.8707,2.865275154564142,0,0.47,1,0.04876859302609393
2025-09-24 07:45:00,2.8721,2.8657736027001746,0,0.36,0,0.0
2025-09-24 07:50:00,2.8721,2.8702529647023036,0,0.46,1,0.013927091675070002
2025-09-24 07:55:00,2.8725,2.8708342138412033,0,0.42,0,-0.10791993037423397
2025-09-24 08:00:00,2.8694,2.86827379375693,0,0.43,1,0.1254617690109372
2025-09-24 08:05:00,2.873,2.871202712781707,0,0.3,0,-0.07657500870171807
2025-09-24 08:10:00,2.8708,2.866034026505683,0,0.48,0,-0.010450048766896813
2025-09-24 08:15:00,2.8705,2.869738980563366,0,0.5,1,0.041804563664871175
2025-09-24 08:20:00,2.8717,2.8714369079429516,0,0.48,0,-0.02785806316817352
2025-09-24 08:25:00,2.8709,2.8706236030171217,0,0.39,1,0.09404716291059323
2025-09-24 08:30:00,2.8736,2.8725730489499757,0,0.31,0,-0.04175946547885223
2025-09-24 08:35:00,2.8724,2.8708762715627234,0,0.38,1,0.09747945968527905
2025-09-24 08:40:00,2.8752,2.8739094516559756,0,0.39,1,0.12868670005563576
2025-09-24 08:45:00,2.8789,2.87768737494626,0,0.33,0,-0.22578068012087948
2025-09-24 08:50:00,2.8724,2.871644150223472,0,0.36,1,0.048739729842650625
2025-09-24 08:55:00,2.8738,2.8726844825332702,0,0.35,0,-0.08003340524740388
2025-09-24 09:00:00,2.8715,2.871356736757215,0,0.4,0,-0.020895002611887037
2025-09-24 09:05:00,2.8709,2.870613787742529,0,0.46,1,0.02089936953570959
2025-09-24 09:10:00,2.8715,2.8716307755871635,0,0.44,1,0.027860003482493845
2025-09-24 09:15:00,2.8723,2.872041294991959,0,0.44,0,-0.02785224384639351
2025-09-24 09:20:00,2.8715,2.8710259887817595,0,0.44,1,0.010447501305921314
2025-09-24 09:25:00,2.8718,2.8716537216988276,0,0.44,1,0.11491050908838396
2025-09-24 09:30:00,2.8751,2.8753688894028935,0,0.42,1,0.038259538798635084
2025-09-24 09:35:00,2.8762,2.8764886876334352,0,0.47,1,0.0069536193588737305
2025-09-24 09:40:00,2.8764,2.875769374998316,0,0.35,0,-0.076484494507012
2025-09-24 09:45:00,2.8742,2.873930733235281,0,0.39,1,0.010437687008546526
2025-09-24 09:50:00,2.8745,2.874811703134184,0,0.45,0,-0.05914072012523919
2025-09-24 09:55:00,2.8728,2.8729496106262915,0,0.58,0,-0.08006126427179128
2025-09-24 10:00:00,2.8705,2.869880829289817,0,0.52,1,0.041804563664871175
2025-09-24 10:05:00,2.8717,2.871799385933136,0,0.51,0,-0.04875161054428423
2025-09-24 10:10:00,2.8703,2.8705102245774787,0,0.53,1,0.006967912761735029
2025-09-24 10:15:00,2.8705,2.8700442727485727,0,0.49,1,0.01393485455496446
2025-09-24 10:20:00,2.8709,2.8706630517966927,0,0.53,0,-0.10798007593436632
2025-09-24 10:25:00,2.8678,2.867575757772392,0,0.48,1,0.08717483785480873
2025-09-24 10:30:00,2.8703,2.870154187707558,0,0.35,1,0.045291432951266586
2025-09-24 10:35:00,2.8716,2.871761116999436,0,0.51,0,-0.08009472071318635
2025-09-24 10:40:00,2.8693,2.869532685112205,0,0.55,0,-0.024396194193709864
2025-09-24 10:45:00,2.8686,2.868233519493648,0,0.48,1,0.07669246322248302
2025-09-24 10:50:00,2.8708,2.8709287477713357,0,0.54,1,0.010450048766896813
2025-09-24 10:55:00,2.8711,2.8706928322473533,0,0.53,1,0.0905576259969898
2025-09-24 11:00:00,2.8737,2.873681481266613,0,0.44,1,0.1739917179942152
2025-09-24 11:05:00,2.8787,2.8783383426739655,0,0.33,1,0.07989717580851874
2025-09-24 11:10:00,2.881,2.8793657005397826,0,0.26,0,-0.055536272127731934
2025-09-24 11:15:00,2.8794,2.878553357076487,0,0.39,0,-0.07293186080433722
2025-09-24 11:20:00,2.8773,2.877313464234878,0,0.46,0,-0.07646057067388634
2025-09-24 11:25:00,2.8751,2.8747616052344753,0,0.52,1,0.05912837814334715
2025-09-24 11:30:00,2.8768,2.8767158160679744,0,0.46,0,-0.06952169076751558
2025-09-24 11:35:00,2.8748,2.8744787198509147,0,0.39,1,0.06261305134269701
2025-09-24 11:40:00,2.8766,2.8773050313418747,0,0.47,1,0.1147187652089432
2025-09-24 11:45:00,2.8799,2.8796094279092235,0,0.41,0,-0.1319490260078493
2025-09-24 11:50:00,2.8761,2.8757903434974117,0,0.42,1,0.08344633357670883
2025-09-24 11:55:00,2.8785,2.8770342005300957,0,0.3,1,0.1632794858433373
2025-09-24 12:00:00,2.8832,2.8822486014280013,0,0.36,0,-0.041620421753607584
2025-09-24 12:05:00,2.882,2.8810161238674947,0,0.39,1,0.07633587786257667
2025-09-24 12:10:00,2.8842,2.88374302311603,0,0.43,0,-0.03467165938561001
2025-09-24 12:15:00,2.8832,2.883130372269279,0,0.53,0,-0.055493895671465676
2025-09-24 12:20:00,2.8816,2.88112385180005,0,0.42,0,-0.14575235980011092
2025-09-24 12:25:00,2.8774,2.8768987701861373,0,0.31,1,0.10773615069159526
2025-09-24 12:30:00,2.8805,2.8806449066919395,0,0.43,0,-0.03471619510501123
2025-09-24 12:35:00,2.8795,2.8795494169971145,0,0.47,1,0.04514672686228849
2025-09-24 12:40:00,2.8808,2.8808781465678535,0,0.4,0,-0.11455151346847492
2025-09-24 12:45:00,2.8775,2.8773389052256113,0,0.44,0,-0.07645525629885741
2025-09-24 12:50:00,2.8753,2.874499876263178,0,0.43,0,-0.006955795916951946
2025-09-24 12:55:00,2.8751,2.874724874695608,0,0.46,1,0.027825119126290154
2025-09-24 13:00:00,2.8759,2.8758712778382534,0,0.49,0,-0.0730206196321137
2025-09-24 13:05:00,2.8738,2.873141701975994,0,0.47,0,-0.013918853086503091
2025-09-24 13:10:00,2.8734,2.8738855340809217,0,0.54,1,0.0870049418806973
2025-09-24 13:15:00,2.8759,2.876048880548036,0,0.52,0,0.0
2025-09-24 13:20:00,2.8759,2.8760761199344644,0,0.53,0,-0.020863034180607087
2025-09-24 13:25:00,2.8753,2.8752656698683907,0,0.48,0,-0.003477897958481524
2025-09-24 13:30:00,2.8752,2.8753942975377664,0,0.54,1,0.04521424596550805
2025-09-24 13:35:00,2.8765,2.875445129152404,0,0.3,1,0.16339301234138404
2025-09-24 13:40:00,2.8812,2.8793120082936476,0,0.24,0,-0.05553241704846501
2025-09-24 13:45:00,2.8796,2.8783613166136632,0,0.32,0,-0.12501736352271697
2025-09-24 13:50:00,2.876,2.8759106703668915,0,0.39,0,-0.03477051460361036
2025-09-24 13:55:00,2.875,2.8736754649836067,0,0.25,1,0.2643478260869525
2025-09-24 14:00:00,2.8826,2.8816660486464,0,0.35,0,-0.05203635606744195
2025-09-24 14:05:00,2.8811,2.8798834105546973,0,0.37,1,0.27072992954080277
2025-09-24 14:10:00,2.8889,2.88779180566712,0,0.34,0,-0.04846135207171587
2025-09-24 14:15:00,2.8875,2.8866163511038043,0,0.37,0,-0.03809523809523707
2025-09-24 14:20:00,2.8864,2.8853202056391107,0,0.38,1,0.23905210643015984
2025-09-24 14:25:00,2.8933,2.8926987068943757,0,0.36,1,0.024193827117824362
2025-09-24 14:30:00,2.894,2.8926602288305876,0,0.2,1,0.07947477539738124
2025-09-24 14:35:00,2.8963,2.894568522881242,0,0.34,1,0.23823498946931032
2025-09-24 14:40:00,2.9032,2.900188299257367,0,0.16,1,0.5270046844860765
2025-09-24 14:45:00,2.9185,2.9155478120905163,0,0.18,1,0.16446804865513087
2025-09-24 14:50:00,2.9233,2.918671987073459,0,0.19,0,-0.19498511955665654
2025-09-24 14:55:00,2.9176,2.913775214049692,0,0.21,0,-0.07540444200713203
2025-09-24 15:00:00,2.9154,2.9106232231678315,0,0.18,0,-0.2126637854153901
2025-09-24 15:05:00,2.9092,2.904018079572089,0,0.19,0,-0.06531005087307973
2025-09-24 15:10:00,2.9073,2.902825995629523,0,0.21,1,0.2545316960753885
2025-09-24 15:15:00,2.9147,2.910573179263609,0,0.19,1,0.2435928225889672
2025-09-24 15:20:00,2.9218,2.917742180992438,0,0.19,0,0.0
2025-09-24 15:25:00,2.9218,2.918225905111684,0,0.25,1,0.2156205079060891
2025-09-24 15:30:00,2.9281,2.9233863650282523,0,0.23,1,0.16392882756737226
2025-09-24 15:35:00,2.9329,2.9283412157822246,0,0.19,0,-0.05455351358724103
2025-09-24 15:40:00,2.9313,2.9266164514614768,0,0.22,0,-0.0818749360351978
2025-09-24 15:45:00,2.9289,2.9242216504059826,0,0.2,1,0.6589504592167561
2025-09-24 15:50:00,2.9482,2.9438146418310116,0,0.19,0,-0.3324062139610562
2025-09-24 15:55:00,2.9384,2.93342713988246,0,0.23,1,0.18377348216715994
2025-09-24 16:00:00,2.9438,2.9389794466068713,0,0.23,0,-0.363475779604594
2025-09-24 16:05:00,2.9331,2.9288604986796796,0,0.26,0,-0.1227370359005886
2025-09-24 16:10:00,2.9295,2.9251202479398932,0,0.25,1,0.35842293906809264
2025-09-24 16:15:00,2.94,2.9361194562589867,0,0.22,1,0.15986394557823136
2025-09-24 16:20:00,2.9447,2.9399307835450204,0,0.22,0,-0.030563385064696913
2025-09-24 16:25:00,2.9438,2.9401782991163685,0,0.24,0,-0.3770636592159704
2025-09-24 16:30:00,2.9327,2.9291115176893983,0,0.26,1,0.3682613291505987
2025-09-24 16:35:00,2.9435,2.9384271808437203,0,0.26,0,-0.03737047732290666
2025-09-24 16:40:00,2.9424,2.9380870097068157,0,0.22,1,0.14613920609025666
2025-09-24 16:45:00,2.9467,2.9431253523114984,0,0.27,0,-0.11198968337461368
2025-09-24 16:50:00,2.9434,2.939565902683186,0,0.29,1,0.040769178501043335
2025-09-24 16:55:00,2.9446,2.9403466069604614,0,0.32,0,-0.1664063030632268
2025-09-24 17:00:00,2.9397,2.9359754074211235,0,0.38,0,-0.06463244548763347
2025-09-24 17:05:00,2.9378,2.936974191145729,0,0.3,1,0.2586969841377851
2025-09-24 17:10:00,2.9454,2.9447413010802324,0,0.31,0,-0.22407822367079833
2025-09-24 17:15:00,2.9388,2.937749067468013,0,0.31,0,-0.11909622975364575
2025-09-24 17:20:00,2.9353,2.9339120544300163,0,0.26,0,-0.017034033999918652
2025-09-24 17:25:00,2.9348,2.933772084135599,0,0.38,1,0.1397028758348018
2025-09-24 17:30:00,2.9389,2.9372893862913725,0,0.36,1,0.3164449283745707
2025-09-24 17:35:00,2.9482,2.945781629243317,0,0.3,0,-0.02713520113967194
2025-09-24 17:40:00,2.9474,2.9446836668675305,0,0.36,0,-0.057677953450496755
2025-09-24 17:45:00,2.9457,2.9435752276672793,0,0.35,0,-0.057711240112712225
2025-09-24 17:50:00,2.944,2.9424406451674012,0,0.33,0,-0.07472826086956097
2025-09-24 17:55:00,2.9418,2.940445743203549,0,0.34,1,0.06118702834998491
2025-09-24 18:00:00,2.9436,2.9419611004725894,0,0.32,1,0.0033972007066340737
2025-09-24 18:05:00,2.9437,2.942286297854742,0,0.35,1,0.0985154737235483
2025-09-24 18:10:00,2.9466,2.9443428958055615,0,0.3,0,-0.04072490327836631
2025-09-24 18:15:00,2.9454,2.9429893131599436,0,0.32,1,0.08148299042576301
2025-09-24 18:20:00,2.9478,2.9460929547679813,0,0.33,1,0.10177081213107453
2025-09-24 18:25:00,2.9508,2.9486671050154722,0,0.32,0,-0.05083367222448176
2025-09-24 18:30:00,2.9493,2.9466250725924077,0,0.3,1,0.07120333638490628
2025-09-24 18:35:00,2.9514,2.9484813997494626,0,0.27,0,-0.05421156061529153
2025-09-24 18:40:00,2.9498,2.9479934181686738,0,0.29,0,-0.14238253440911341
2025-09-24 18:45:00,2.9456,2.9449315124049615,0,0.41,1,0.02376425855512565
2025-09-24 18:50:00,2.9463,2.946062836324559,0,0.43,1,0.09842853748769365
2025-09-24 18:55:00,2.9492,2.9481463838623823,0,0.37,1,0.15597450155975245
2025-09-24 19:00:00,2.9538,2.9519486082858064,0,0.3,0,-0.1794298869253197
2025-09-24 19:05:00,2.9485,2.9471133980571085,0,0.33,1,0.027132440223831544
